"X1","X2","X3","X4","X5","X6","X7","X8","X9","X10","X11","X12","X13","X14","X15","X16","X17","X18","X19","X20","X21","X22","X23","X24","X25","X26","X27","X28","X29","X30","X31","X32","X33","X34","X35","X36","X37","X38","X39","X40","X41","X42","crkl1","crkl2","crkl3","crkl4","crkl5","crkl6","crkl7","crkl8","crkl9","crkl10","crkl11","cvr1","cvr2"
1.01526306910346,0.94751591255082,0.964334873849326,1.0167689977625,0.995690269378224,1.05715071372443,1.07576413096266,1.06549854131893,1.04940056644646,0.989936508889298,0.970693887009486,0.998786330445678,0.984448744366589,1.027105387197,0.982956284751398,1.02557707477672,1.01463858311787,1.02245176739635,0.984050579232159,0.936619233654971,1.02077470254511,0.982524467382921,0.949916552778963,0.965410201590412,1.01106095125236,1.01742502157596,1.0363720278311,0.966944649041518,0.96200577818626,1.02391796922495,1.03945079964813,1.04006336262182,1.08353588109318,0.99064799855413,0.994951895560885,1.01050351264423,1.03110988124385,0.959179157738984,0.988201313749774,0.982910592659163,1.02881232497186,1.05616115054029,0.771215388178826,0.534076640754938,0.855525994300842,1.00199115052819,0.328098686784506,0.992427675053477,1.32311720065773,0.983737629652023,1.46061905510724,0.318093589693308,1.43911545425653,0.883727760240436,0.710881356522441
1.00588268305954,0.950505426737191,1.04253220917749,1.05316711477475,0.974529116882204,0.965971395590107,1.00246265216444,1.00930041404976,1.05609125254909,0.962885574091122,0.986745897870391,0.942256859477473,1.04559063759211,0.974463292131635,0.988865246427569,1.03662119067439,1.01647718283496,0.99274569535195,1.01296855005513,1.00888092069596,0.972132428512846,0.988436526905241,1.04578022055743,1.06414464342443,1.01908969380276,1.02365414769483,1.04895943729278,1.05078303844909,0.993290251200211,0.966995662339647,1.0042150832234,0.994605283483861,0.98983842508341,0.988356827976826,0.98487553313668,0.981820033070292,0.972252898741907,0.998149461197528,0.989144646716601,0.982362333242786,0.982769607965462,0.984959054732761,0.571023315936327,1.12983097061515,1.49332572966814,1.79209885299206,0.998736426234245,0.332202881574631,0.222922474145889,1.71317823119462,0.601174052432179,1.16929790899158,1.6430879175663,0.691856381669641,1.52981285527349
0.994005039045315,0.943388484628074,0.996567987851026,1.00460502852126,0.926248972751755,1.03566413274386,1.07253103495551,0.998710220260183,1.0322752646653,1.01982312965856,0.964995330753417,0.985575687657127,0.923493076201206,0.984086125958489,1.01816547368496,0.932442900904128,1.00331581762649,1.01722052207358,0.976455751334789,0.998355420567315,0.995564248756614,0.961957170604728,1.00288248852434,0.992199868922733,1.00373308703977,0.967127306283991,0.963994607968292,0.987909299574106,0.999165843496555,1.01605059917812,1.07371215113558,0.997478991515379,1.01931888916819,1.00436087958937,1.04465675173601,0.999818526696146,1.04261637646081,1.09013870325889,0.988087250796413,0.974922508984575,0.954574919421737,1.03592806716033,0.31653524376452,0.653142922744155,0.509857540950179,0.855382465198636,0.520433190092444,1.5888518832624,1.54210781976581,0.819950424879789,1.44403217770159,0.594814007729292,1.38238093666732,0.904683941230178,0.732825953885913
1.02172715258398,0.920390225057142,1.0080457936462,1.05687004584887,0.972012622749921,1.04873864601403,0.960964791141188,1.03165065449453,0.991140281867528,0.961499074850969,0.977119851343024,0.990998855479737,1.0274893464362,1.00632476315927,0.981276402802368,1.04906590702602,1.03444369430402,0.951159928408228,0.9517955876458,0.977435239770189,1.00755132946056,0.963326813203932,0.96980717182142,0.926211881554357,0.924121254961494,0.993131714418508,1.03545510004515,1.05235632697609,1.0092672042173,0.974738916202014,1.0173041123743,0.918250442104828,0.98612792081253,1.09560959359487,0.928301838656368,1.03067723904148,0.912616482486271,0.976443616004521,0.980298423291075,1.02280940898183,1.05038270080716,1.00517227581633,1.14672198444605,1.63568893373013,0.519055727869272,0.254128542169929,0.244090430438519,1.20321923755109,0.687875360623002,0.976212853193283,0.987988090515137,0.539869184419513,0.25474818944931,0.301892208680511,0.402764490246773
0.981289657031418,1.07690791879816,0.986323458982222,1.02847278424844,0.941206639328585,1.00548119647579,0.931272253050436,0.958921346975957,1.0305065575161,0.985429850926929,0.992993992917859,0.965775577345564,1.01674791388109,1.02633816055402,1.00538086975452,0.981278120934856,0.970741574501709,0.987749765244229,1.01389329086499,0.940215185185301,1.05376028000475,0.979612028202666,1.00442566334696,1.03251662714815,0.984320267029384,1.0608315010959,0.969154823228455,1.0079034943828,1.04680931875536,0.986255017837569,0.929714686864994,0.96361208039226,0.989365324362969,0.958797182947,1.01242461299142,0.998429884507023,1.01882223091854,1.01082170620762,1.04418578509174,0.924587787218233,0.920672275194292,0.990401936495784,1.75551878884435,0.71939771771431,0.344069432094693,0.694392402097583,1.06613049097359,0.810776226222515,0.820856715738773,1.00052086748183,1.38716014400125,1.4573965433985,0.582745046541095,0.509412948787212,1.28207733258605
0.999336731689005,0.940418494425033,0.913293277060188,1.07004130713294,0.983022706561564,1.0226268595492,1.01433538235281,0.998822948378871,0.973320631091856,1.02888494790632,0.991828719961728,1.00954500155534,0.998036111340204,1.01666056287445,0.955885326674758,1.00504196068531,1.04142983498217,0.993857416693695,1.04736285383584,1.0021325536214,1.01418550538986,0.97726759912119,1.04647650246714,0.954376490013,1.04449781530471,1.01956946267993,0.983769467160256,1.01298114674883,0.980164512832291,0.995454286348826,0.956700600199022,1.02599687648679,1.0364284583143,1.0280343133089,1.02169343539106,0.97747353922679,0.97479167305082,1.01216397475404,1.03965642774898,0.997884088346748,1.02335492884407,0.982866653780002,1.67322716414928,1.22966989576817,0.372129447758198,1.21034945100546,0.849001155793667,1.21622006297112,1.52681166268885,1.3815705191344,0.291978745535016,0.810803270339966,1.27379682585597,1.01337813436985,1.10023180544376
0.99918718063797,1.0218061354627,1.00586335276978,0.950824657944094,0.997419703697302,1.03627085987774,0.983369151449354,1.0065445044263,1.00485094425925,0.978645765398565,1.06061245022784,1.01464571856733,1.02988250870805,1.05518455509828,1.03137807344407,1.02341972898824,1.01136121175359,1.02866449703343,0.965426169909707,0.916848410565554,0.991150438003846,1.03175433683553,1.03809198609787,0.999622522135608,1.01321247167319,1.01775378208161,1.01146273234345,0.964631638311578,1.03411832734657,1.06285127083059,0.977609682713959,0.991694627630136,0.963781040886965,0.955590447896369,0.961918290737997,1.00508871728388,0.933656636775515,0.999125767993572,0.988036509995649,1.00005185900919,0.996518819653893,0.974940454490043,0.327030621469021,0.470619827508926,1.47402646355331,0.830788883194327,0.893617437034845,0.395305474102497,1.41316006593406,0.692051489651203,1.07139004468918,1.25044998675585,0.563220816850662,0.548250088468194,1.72705630101264
0.966711691416047,0.948475493291962,1.00760491129932,0.962067528884289,0.899388276494273,0.985360312431388,0.997331392379801,1.01696460121705,1.00509452187237,1.03473169181633,1.02100194818054,0.99991330501834,1.00745148892756,1.01623033302707,1.0040075100854,1.01733555232376,1.00613171655649,1.01771124934414,0.964836793770786,1.02275280579288,0.989605158368121,0.9700617232208,0.943591359424045,0.902204373246105,1.02237390301391,0.934833115208396,0.97472933675022,1.00064159291464,1.05071559497058,1.04952267463466,1.02002508111912,1.0254451475456,1.00693299377668,0.995514877304145,1.05849217745331,0.974786375149654,1.01471076313009,0.965135041763225,0.959881951408035,1.01525721851869,0.952744257728706,1.06334831085318,0.487167780846357,0.614782425016165,1.78672714568675,1.42769428156316,0.862197631597519,0.859256115555763,0.376932780444622,1.02241434566677,1.17871194556355,1.30208667740226,1.19410895854235,1.62512886188924,1.28085460849106
0.947399484327827,1.09222984865636,1.03054532999095,1.0004640232281,0.996002381973935,0.998951499656045,0.988163912181341,1.04865526273831,0.98705535097232,1.03310754742763,0.936934196364044,0.912272118855423,0.990212861879156,1.01067561020287,1.06324048347858,0.986407300460863,0.977971242501758,0.972317807654789,0.987924133810096,0.93506786762156,1.00723107544707,0.984573675524084,0.945813297413704,1.03616900568664,0.940258328406476,1.01752615026708,0.991768291518337,0.990608730278338,1.01332310502022,0.974017761696309,0.977549721982528,1.06487060553656,1.04788346783579,0.978158327922338,0.989023086785941,1.00883248146002,1.0176572931564,1.04678957268671,0.970086422047479,0.980308907796946,1.04137774608548,1.01092784173202,1.77729307599366,1.46377000100911,1.76547958143055,1.73575107119977,0.216114792227745,1.73025537393987,0.535248176380992,1.18132133185864,1.6880876082927,1.50489274188876,0.390481841564178,1.49072165898979,0.316734566539526
1.03834658242319,1.03054682908571,0.968427680821449,0.984912449501436,1.049121292707,1.05998161529496,0.988468810089755,1.0500037913567,0.9861082873506,1.03525567222241,0.97987690428225,1.06737903233543,0.984226571295979,0.992846575727496,0.9669541386711,0.960486981447864,1.0125859603577,0.974956449493262,1.02978063083355,1.04132144305482,0.996498520008241,0.99073470327618,0.95294489406565,1.02919990064986,0.973951379059719,0.982488918278302,0.999532531781834,1.02410555014453,0.981880591912347,1.0228213620179,0.990236896369697,0.982160249863569,1.02852086079429,0.954440530456418,1.02764209897828,0.998887624981789,1.04164302372412,1.01111846056287,1.03699057291719,0.979880590744205,0.995462145914921,0.999527136711639,0.446865374594927,1.07698050141335,1.76472738571465,1.27887671776116,1.51612855270505,1.71852348409593,1.62126371487975,0.973629388958216,1.74072102606297,0.990428356081247,0.967087719962001,0.602015147358179,1.73782913759351
1.03311228011224,1.0138992391366,1.0534313928597,0.979126185583917,1.01917264157612,0.995628982262117,0.955535648556126,1.03522352344452,0.974698214858572,0.997367407000173,1.02962971550058,0.986555815118057,0.977168137497992,0.952185157071412,1.02131070788527,1.00259429259685,0.984260469332696,0.956110782813889,1.02861991203552,0.959160586636473,0.98875219847981,1.0146555123396,1.03727041949684,1.05483206563994,0.954751330052523,1.02369318870319,0.996679567655492,1.00304794701262,1.0104677430063,1.08560317980307,1.05304164912352,1.00684352280408,1.01470861859022,0.900809327715651,0.977486511864408,0.933685431178851,1.00790405747201,1.0000892865644,1.04558548356249,0.995738752669683,1.06707627710434,1.01284878951122,0.743099439516664,1.24584800153971,1.51626000590622,0.657369593158364,0.702814750745893,1.55930528603494,0.521662393584847,0.865165006741881,0.277751630544663,1.06521692983806,0.497702161967754,0.739448096975684,0.508294032141566
0.931765728250153,0.950835258378022,1.02570479329899,0.958677852863151,0.970069346527523,0.955600398584717,1.03228383048012,0.956837492686632,0.907439483428996,1.06488634850476,1.01724044532671,1.03575659132552,0.995772022089966,1.00053642600406,1.02707457630742,1.1028559760711,0.980462936598725,0.977073132064542,0.991264403765195,1.05690785521253,0.949548654946684,1.04441139209899,0.963783336769084,1.05080557946238,1.04276836982272,1.02236029672693,0.964415934395344,1.01555469525368,0.978868946083685,1.06043318248246,1.04389637404148,0.980418350764016,0.975147103922236,1.02347712934662,1.01697680368646,1.05633743650836,0.923015963955745,1.02207097426281,1.05603127651473,0.988614295926078,0.99789068265586,0.939951198052663,0.241560789197683,1.29064882062376,0.886628791689873,0.562291076779366,0.366355098411441,0.884677791967988,1.32057326994836,0.494508864730597,0.795517425611615,0.726700532063842,0.432676823809743,0.644950867816806,1.20805029533803
1.00356354740484,0.987999336938999,0.945382298168811,1.07335601661974,1.00340014317762,1.02686253207114,1.08769955164412,0.976703313240529,0.950178977669405,0.966014220501401,0.993706534590115,0.991955712848464,0.96035976201475,1.03460822912869,1.10618109631469,1.0179179320675,1.01338609284246,1.02007208380603,0.967664516483546,1.05102635076523,1.02847476713544,0.963598196487207,0.913562600773334,1.06767711063224,0.99120847683762,0.926119470026363,1.05965906890991,1.02591636757508,0.993186274775472,0.965518161284812,0.964940786386327,1.03269269399793,0.996492164952049,0.925312730342642,0.980600057761016,0.924148815266944,0.972135545264461,0.996131357416498,0.98558506388537,1.03272477441369,0.962578733102693,1.03498413943765,1.68667224645615,0.479350979998708,1.411879748106,0.604207787290216,1.06230336688459,0.765286153554916,1.28063002116978,0.218420029059052,1.7769306384027,0.963406660035253,1.08696326762438,0.749781340733171,1.08458105996251
1.0297386410869,1.03812504444339,1.00844839310538,0.992276953215591,0.938395704483854,1.06585130677517,1.00010530684775,1.00671332723887,1.00964957143968,1.05486818197536,0.957183535730597,1.00521193306518,0.97638659017789,1.04625003100188,0.98987718091713,0.988813000758026,1.00114677415729,1.01382775845274,1.0145078937085,1.00673292758084,1.01855046317193,1.09914322226365,0.997376403644613,0.961415242856622,1.01414104958226,1.0619338072507,1.00471801038573,0.929533931961487,0.980243735855146,1.03754457972489,1.05296904577556,1.04026126734472,0.996393377887529,1.00049605335275,1.03968468566572,0.943751635035713,0.956093119175772,0.97464750829331,0.99114206096796,1.05051329108436,1.03261981227677,1.01294390219238,0.62731528505683,0.300511018186808,1.58571490421891,1.27083346806467,0.200300771743059,0.30600696913898,0.285629065707326,0.431025582179427,1.62090111896396,1.4950794223696,0.849965933710337,1.34234024621546,1.45411787554622
0.947947927099391,1.05778657933019,0.959078035954998,0.996076387229299,0.940738157018866,0.989069601859422,0.980112837884031,0.967392804228638,1.04997901881853,1.00531821234153,0.982897366275307,1.02400037932039,0.921690593998989,0.902446170392208,0.985872008484506,0.964146500106366,0.962014576306251,1.00816258335996,1.03387448026972,1.03519901019501,0.966101752264992,0.981745252811829,0.998758197523485,1.02299433938366,0.941951369912542,1.01143523438248,1.02241747708563,0.956341564922158,0.920321241842735,0.983472433291229,1.05066877882625,1.00496091008848,1.07158252589043,0.997926721214614,1.01220751549013,0.988262211160867,0.994131350987034,0.987153867072094,0.977357308437164,0.993530383956857,0.988227224421848,1.05623520916403,1.03746468089521,1.77629513926804,1.11439372226596,1.15237020216882,0.929993778094649,0.548190604895353,1.62262765876949,1.54717701599002,0.364140966162086,1.37624850086868,0.786054465919733,0.827924456447363,0.804351346567273
1.00337305576605,1.02445535467964,0.966120000415268,1.06606739200253,0.987394181804911,1.03477578903546,1.01554478145704,0.997549745894292,0.975845130925733,1.06036119000025,0.957925425623384,1.03693826228291,1.02628408539867,1.00692163641066,0.95591712815038,0.996550355388881,1.0485173921407,0.976619785782266,1.03015639352608,1.02975579683651,1.01130550688095,0.956383064348541,0.98280175045176,1.01051420057176,0.963547521786355,1.01373290062004,0.977905765775353,1.04899305352619,0.973063179295809,1.00886040266559,0.945096672591647,1.00218958401313,0.951205589869033,1.03826844262771,1.02699536414233,0.959692411903487,0.974663733356487,1.04108752395015,1.04207756902369,1.02135341727926,0.974009716403328,0.907084100060174,0.757235745340586,0.739456937462091,0.631755425781012,1.21895646601915,0.293234898522496,1.01202304288745,1.59667892642319,0.55274225063622,0.681274864822626,1.12909068390727,1.63667721301317,0.726961389929056,0.545247472822666
0.94563160720723,0.980301014930288,1.01224643748454,0.983586716326974,0.975346914604854,0.998021498867413,0.948735885618149,0.948312849735019,0.993846383824988,0.97901052644734,0.998924322166846,1.00860624201579,1.02527246012316,1.03384347786656,0.971372848983828,1.00106752194891,1.01233564598995,0.929926096921659,1.01930247525347,0.981051645524478,1.05498509950983,0.982401741665506,1.05074988730778,0.943015755774711,0.965245210504163,1.02032695928577,0.974482933797023,1.06100790083302,1.014953379619,1.03987930495476,1.0839047921718,0.974115570717121,0.935737201858456,1.04818932448911,0.97967702585627,1.05183518626525,0.996985790196103,1.00270134732699,1.04615446748034,0.956967266069685,0.953627701263415,1.00957689317587,1.00290765613317,0.27266019359231,1.40146315991879,0.32690471149981,1.62481552660465,0.539890955761075,0.553018736094236,0.620330911502242,0.57564228400588,0.218460693582892,0.3876216288656,1.2008869741112,0.601165112480521
0.971585936067024,0.991441735158581,0.946760649362231,1.01028443938852,0.944006222831064,1.00773404966994,1.02355341304797,1.04722743069167,0.990871760157407,1.00013524068603,0.903357729498169,1.06644961845097,1.00074705039036,1.01109989198223,1.04614664206391,0.971705650128492,0.976611507173231,0.973965090728998,0.995727994420696,0.991985238513444,1.05073101644202,0.951287123493194,1.04485230307194,0.978057777715279,1.0369757123859,1.00891328810203,1.01423594588714,1.056671738485,0.982434496096715,1.03805321126904,1.11478699881875,0.999116470464222,0.994384065732638,0.990792708172878,1.03435082609089,1.01965160883775,1.02756447045021,0.936859259583951,1.00844832849278,1.01048159826624,1.07217372793821,0.946813504993864,1.57890320122242,1.72178189083934,0.292386647686362,1.57410298064351,0.822726524993777,0.996740208566189,0.201405473425984,1.78021966516972,1.10020520687103,1.74378109015524,0.715780295059085,0.392884266749024,1.53920869864523
0.96118941794831,0.916023560479855,0.965491248640618,0.967850745712516,0.949665756447501,0.957647118476279,0.98082171049404,0.95864892677041,0.984542728315502,0.986388848759721,0.957350244387666,1.04251897150726,0.99752852911912,0.964979100994869,0.982830116651159,1.00158517531992,0.991521601761134,0.993777158647691,0.964195152618167,1.02648719386157,0.975751498569822,0.971843497166046,0.995498929117693,1.01863318217126,0.963344091892644,1.00245323303969,1.03981732659024,0.996858475941378,1.10508747206561,1.05834312599544,0.926208152216688,1.03912521248246,0.939000830690104,1.00207050157379,1.02015740944892,1.07724974855727,0.952435571040138,0.968274720051778,0.952563785500167,0.946336497816987,1.06029939585755,0.986090760359379,1.32654973864555,1.67262310385704,1.64462723508477,1.67591485306621,1.3713367331773,0.584474213793874,0.220963869616389,1.17024661004543,1.06334080025554,1.79846148081124,1.39383717663586,0.636493825167417,0.200720230489969
0.976949689752417,0.962361217357426,1.05973991822722,1.02522975573312,0.932291755494853,0.990535655994806,0.960781320645545,0.962409934428937,1.04482975206096,1.01585364072132,0.942958654435288,0.94207704605627,1.0149740432665,1.04344080896696,0.959981911608697,1.05198028221948,1.00376483800587,1.02540588584,1.00762846164903,1.00015970937188,0.949281166613554,0.965363811158434,1.07869579754268,1.03323928011648,1.01760426894806,1.00204055299842,1.06528934395341,1.02144019678848,1.00168047730037,1.0317686581603,0.917757811696469,1.00524253243415,1.04300987009737,1.0359661787113,0.995598063147088,0.910968675545115,0.952774362536346,0.984489046947717,0.96841060758793,1.00516142208969,0.925623903586476,1.03784099317594,1.35431968718767,0.732769240066409,1.74305708855391,0.897183901071549,1.29179008416831,0.654698729142547,1.41834595315158,1.04342376179993,0.593886756896973,1.33126181848347,1.12963647395372,1.50501078590751,1.53994658850133
0.948933137397614,1.01146705438442,0.974724071925793,1.00553406072342,0.934222064802311,0.97062004757829,1.0324996569742,1.06576973077821,0.907663758835542,0.986759376021551,0.991486855844454,1.04426967043839,1.00997314552426,1.03383480346542,0.976076927071513,1.01981013283685,1.01883166732237,1.06239288135458,0.997370302198261,1.00109648764573,1.02439837393201,0.994045514279357,0.988652111131362,0.990508543239352,0.989734001071192,0.966829791764708,1.04605768088638,1.04286672189268,1.01765389053224,0.908313832393852,0.997834689688572,1.01171067564573,0.954929855027607,0.992875480527329,1.03421896102851,1.01197665304697,1.08071788492048,1.00477940564016,1.0344675315611,0.961759138039567,0.995858522916986,1.04160529157522,0.74930128082633,1.43574096150696,1.5387939337641,0.902312077581882,1.44902043789625,1.06952990703285,1.32621628120542,0.592429836094379,0.927612092718482,1.42199997529387,0.391123991087079,0.949287447705865,1.67802351489663
0.980522959972698,1.0050212144757,0.97553097933263,1.00474499207151,1.03046355230395,0.984358191505741,0.999311716768098,1.00882814959459,0.988348649501894,0.954968421578827,0.953804979078785,1.01493427701695,0.987179203240586,1.03447261472217,0.985020939066033,1.01532037939241,1.02276482754974,0.994363625319069,0.967730206277277,0.986152702022689,0.964493092846141,1.02498382721015,1.01738721271908,1.00273823469025,1.01982470272523,1.01104557486844,0.940389281423742,1.0058166280569,0.951519449453683,0.984070470371365,0.919549760481999,1.01146201860752,0.928926041246183,0.984649996284168,1.0209342228653,1.04414924171855,0.972506175178146,0.992352349097316,0.96726955941055,0.983296034612337,0.995696045094636,1.02917281119203,1.74555289894342,0.373868586495519,1.28144155740738,1.51356213055551,0.200895708799362,1.0267059519887,1.30810939483345,1.00443940199912,0.638636881113052,0.844006468355656,1.42517797872424,0.299106718972325,1.22292905636132
1.00015541998283,1.08753726671253,0.963549684171851,1.00716569268395,0.97071308494806,0.935850193338499,0.976720251765292,0.979512602594391,1.07871804319956,1.05578775093106,1.08434307980152,0.956860839983061,0.983319844634368,1.04550064903061,0.963840039945663,1.06258110781318,1.01884521814143,0.985530933252231,0.979417366838949,0.959274840375258,1.03299870609716,1.05314433445558,1.03083657236094,0.980586563788126,0.988572348723123,1.0228745481144,0.961583424651179,1.00878854749215,0.956084202980197,1.01539435075256,0.993114682091645,1.00825893680028,0.96600702256563,0.981603806452008,0.953970569534547,0.989226388678132,1.01678679043116,1.03579480565428,1.03955885380875,1.02631245966005,1.06231244226893,1.00714363922882,1.27787853814662,0.430869311094284,0.919644660502672,1.02788886539638,1.36561232432723,0.824942945688963,1.64491686783731,1.65274916514754,1.72067037373781,1.06618727073073,0.433884967491031,1.74143915250897,0.891304406896234
1.05630149703969,1.0354444222302,0.994248345216006,1.04682043169874,1.00781730933627,1.0647616429582,1.02104304702368,1.00103181529364,0.982268953654928,0.981982765886649,1.01613170137618,0.989897279054235,0.981817334246343,1.01612846383743,1.00820819161768,0.969380604411998,1.03305099505287,0.980695814170776,0.960038158665087,0.999454973975214,1.01136687984917,1.07796715109545,1.00588674787548,1.03993442980289,0.998840235399449,0.963652395357345,1.01759388220877,1.00818749566579,1.03476199576469,0.956634546693094,1.01668708389845,0.952746523148389,0.961417914816527,0.999602335760601,1.03474883386461,0.916987714794913,1.0033744709223,0.976549695932553,0.944335110023078,1.02633310455059,1.02236579081827,0.968231924734032,0.918649480491877,0.684744580835104,1.4397480584681,0.692477223649621,0.831968796998263,1.49292639866471,0.917613170668483,1.2826215416193,0.982761685550213,1.69087490551174,1.64242101497948,1.14455699808896,1.38492138274014
1.0132502995316,0.936874362990611,1.02105983757831,0.990799002081146,1.00179311294386,1.01919927757431,0.959160279720966,1.01466666597408,0.995193939901855,1.03782115759613,0.951580854766863,1.03571607550724,0.958271716311496,1.00905467374614,1.02091625062261,0.930450845762251,1.03396364246628,1.00743625810192,1.03470291790468,0.999383962160916,0.963775561892747,0.993595421027119,0.993014069114795,1.00535083116132,1.00862806221826,0.95391453844598,0.968336500787609,1.00491118631151,0.97011599907477,1.02641534883437,0.996330539129387,0.972405193616776,1.00527908256413,0.973164203283214,0.999344803716109,0.969944007203852,1.00981609181035,0.982685042421641,0.990304338747364,1.02169096485164,1.06701829641945,0.97788446332677,1.05442565269768,0.934060061722994,1.79502784833312,1.26777892075479,1.62056840397418,0.961855517327786,0.825562225654721,1.52978024594486,1.01531285606325,0.900236823037267,0.400453198328614,1.34167117215693,1.22751680500805
1.00081519748253,1.00901535280656,0.976281419426028,1.05078828898838,1.03761723025297,1.06780080906445,1.04991725972358,1.01357994444553,0.98895781696142,0.992097792230426,0.959427130876484,1.02405360215354,1.04018548109196,0.958027291126723,0.992873781637934,0.984632439973039,0.935849675785624,0.975260313242704,0.992520771498679,1.00459680134862,1.00716372523677,0.979506367414632,1.01333007515801,0.953768147155494,1.01960902305043,1.08870567742952,1.0755026795853,0.932767164804544,0.971005060006614,1.00848354555165,0.988448508143727,0.98485414561355,0.97507146699807,0.967681326583133,0.973856500453675,0.924935328017075,1.03148857024977,1.03073718044576,1.03468046779672,1.02309852419033,0.967713030286618,1.06645639807082,0.840451552718878,1.62792173959315,1.36589202657342,0.47239754088223,0.200406443327665,1.6912797421217,1.6142732731998,0.541735425963998,0.716810069605708,1.37148905470967,0.378806270286441,1.67270137444139,1.04791753254831
1.01840495287298,0.952784742709019,1.02047286680257,1.02356126653721,1.00264618694705,1.01503802479381,1.05842305506892,1.04286139463169,0.931596693856513,0.999310773848727,1.04316063770646,1.03010821611976,1.0098785679273,1.02085069011988,1.04728492856917,0.996048655733191,0.988572719001372,0.973163308670011,1.00387222731914,1.00541562370351,0.971647486419872,0.955683768999737,0.998356421423989,0.988343257708021,0.997121550865643,0.987171116691257,0.979696425776933,1.09283859342718,1.00930512951741,0.976827097216311,1.05271817814208,0.961200224180894,1.02103911595629,0.984833506020166,0.949868193898925,1.04089650775023,1.0454428961192,1.01107987863638,1.01584130986135,0.993254983954093,1.04376540579281,1.06554212042794,0.526258517056704,0.229416219890118,1.3601567350328,1.58529903665185,1.54342975877225,1.19723290093243,1.79159966111183,0.834054440632463,1.06591289006174,1.17298062182963,1.70713475346565,1.34610380604863,0.538361709937453
1.01113754732414,0.959224494139548,1.00953945873996,0.906739355771433,1.03633855572926,1.01760018957087,1.05675983707651,1.02938530131883,0.991505387029096,1.0099576749253,1.00958327543365,1.04951662964439,0.989201889751736,0.937173297763887,0.987080546122395,0.998769570710099,1.03467273209789,1.01974626165185,1.04753124808588,1.01379889159565,1.03719105928393,0.982272668013771,1.08602156265674,1.00305800349937,0.978019224120913,1.06268131054586,1.04916128965831,0.900273092525373,1.02573534447342,1.04766940999667,0.954450121985134,1.01977567485109,1.00475423149942,1.04074683081694,1.02592150198223,0.938646846651507,1.02492244817418,0.962267918960988,0.977845823359435,1.00698070799287,0.970470752380434,1.00594832825343,0.363599814847112,0.865257874876261,1.03996237628162,0.946684923395515,0.660352456569672,0.517555398121476,0.370673955604434,1.03568446300924,1.64076241776347,1.38101913370192,1.03332144580781,1.25713899061084,1.58039740808308
1.02862945012461,0.962696815148972,0.988831455248667,0.964358076009112,0.975232350240738,1.03862441110848,1.00046751523329,1.00290760114867,0.972822250501996,0.957961906835566,0.991496676999815,1.03294819357382,1.01889506474799,1.02441081636762,1.10744518675348,0.979264891714646,1.02403175562064,0.966689477065156,1.0761251627933,1.02939889126976,1.00104370437185,1.00246286572148,1.0163264421493,0.958019446848674,1.01226166327156,0.967076455766015,1.00876682016164,0.97021903075243,0.995606624490716,1.0034147485869,1.02285816820787,1.00094377563575,1.02222442527732,1.01928128253298,0.977071321761198,1.0494744300324,0.998619471578818,0.993440938832563,1.00573889913259,0.962200475387176,0.976914612673196,0.99132499765934,1.08157659694552,1.06703657917678,1.1917764686048,0.962385480478406,0.445870967954397,0.403745517134666,0.677382731437683,1.06223746575415,0.616060077399015,0.869858251139522,1.09535226300359,0.946316634118557,0.490272656828165
0.926969380206227,1.00530210799654,0.967444286838015,0.897462363987731,0.9838770127446,0.991637818567122,1.0341990407205,1.02218545984241,0.999473992132672,0.994512347346993,0.995168943111246,1.01508863694239,1.0438792569683,1.02243656081418,0.989369005138935,1.00798536296652,0.989896276431822,0.857028021439685,0.946232025481631,0.983868763035972,1.00715011407509,0.990431933176243,1.03973391334285,1.01685063878764,0.979270787350985,0.946163076481346,0.969246011281479,0.979898004914051,1.04060893813094,0.976960558923421,1.02852212832878,0.921275542456824,1.05139419537924,0.991544103549355,1.00583988542553,1.00669766465893,0.983297217469181,1.0120880538387,1.00072761243192,1.02294506233349,0.97111040159004,0.970969008663065,1.45961106941104,1.44723893888295,1.15389283336699,0.396529595926404,1.16214409582317,1.61896995082498,1.08097570836544,0.481009965389967,0.767455225065351,0.388862995803356,0.766357323527336,0.476458569616079,1.16514613367617
0.999540772356178,1.00698900484684,1.02483092821769,1.01919816533467,0.970993357114104,1.01487741052201,1.03745861623842,1.0592973146337,1.04986329258703,1.04088990669353,1.06563549922509,0.973578933896448,0.955656396632038,0.960448572580378,0.950369939859196,0.981671131785042,0.989970906893803,0.954842652301423,1.02983918492005,1.00605748397678,0.985211600571285,0.914933899978811,0.988396721079971,1.00187763671612,0.95289972249216,0.998530404590643,0.970007902231918,0.953282393245814,1.054490706752,1.05793227275119,1.0740867076067,1.0614309120407,1.0071340348776,0.979408394504489,1.02522279638886,1.01522873287225,0.942848922987436,0.962337106546548,1.04129589075157,0.953791977257735,0.969082463107932,1.0272650997053,0.400328922271729,1.28589719086885,0.495678539574146,0.665589947625995,1.1844000313431,1.55729654431343,0.404761640354991,0.268476951494813,0.466701041162014,1.13618943989277,0.580534360185265,0.371026508510113,0.501313742995262
1.01123903268235,1.00976213266526,0.985283962508929,1.02235573440865,1.05212365402379,0.968440342704209,0.965415762475273,1.00378488185361,1.00060533393193,1.08943771897181,1.01129033084101,0.971155330938301,0.979967146821674,1.06144022450754,0.981435886586936,1.00959901855911,0.970490090017759,0.96644573981595,0.975279126067109,1.00542597229411,0.972954022983315,0.938811908592314,1.01904336120553,0.999234069832515,0.920991463187014,0.999708318714678,1.01111029653686,0.97705616446592,0.986303803090168,1.03518967094076,0.920999279791931,0.971095098744163,0.991986119848109,0.990844620009827,1.03298523549502,0.954522759423393,1.074080844433,1.08032489452391,1.01698108342364,1.00257148233049,1.05252452842719,1.05181982606222,0.386209823191166,0.661224564164877,1.22469070702791,1.40195996053517,0.424810744076967,0.294145790114999,0.84621566310525,0.596746829897165,1.52294338718057,1.29510214328766,0.939246537908912,0.8028285484761,1.11993150822818
0.98295869171435,1.01509259857293,1.00058843289854,0.995305749588018,0.955201638437582,1.06176494632987,1.01110713706841,1.02386245681542,1.00438259816714,0.955392078508404,1.04709126968281,0.99896267475156,1.00429832487952,0.978549340206743,1.02602900287847,0.986700608022329,0.943520504280161,0.97247066485148,1.00595541504702,0.979877530828377,0.972573491837148,0.932549705825623,1.02712549013751,1.0224619027878,0.989635400172723,0.98703244870451,1.02079134058998,0.963714838167983,1.06129285098573,1.00073906759994,1.01435384644358,0.99162825839576,0.940349286084939,1.01929413102814,0.976899616793991,0.966745005918036,1.02258486838769,1.03690953680339,1.03061941529668,0.978161864831636,1.00361617117556,0.992396257165566,0.705873569846153,1.04859410300851,0.51391742117703,1.64119787961245,0.354712003096938,1.54664547257125,1.67121994271874,0.343335006758571,1.29644125662744,1.75251957736909,1.74992102235556,1.2337322242558,1.7491632271558
0.948473398833908,0.961177962631955,1.03088760222017,0.924238791721732,1.03110519026315,0.955184100047698,1.07355716882109,1.01902267391344,0.969452418161068,0.968438729431605,1.00727022133941,1.07585824071154,1.01249580194789,0.9456448434193,1.03566727688271,1.03702645786165,1.02756537177926,0.988350409647797,0.985501740523861,0.994427644659932,0.934810368084487,0.922145188975719,1.03318331361511,0.953754409666386,1.00941523861719,1.01575179954375,0.986880337132746,1.06371775815879,1.0166656571975,0.957324724662624,1.01463181064103,1.02383022306488,1.00387071764647,0.976362170848705,1.00599125458981,0.972580074970491,0.974847265503116,0.965805904740158,1.06800594762234,0.933652649991007,0.976248965076618,1.00333768500831,1.68631185367703,0.949116295948625,0.236619139835238,0.922719776257873,0.224191306531429,1.69034516252577,0.449519518017769,1.57556094862521,1.20107675753534,0.910450208559632,1.24457601346076,1.08778251521289,1.18530001975596
0.917864168630736,1.03876271139797,0.984414390161813,0.949713404663734,1.01123494891842,1.06635470150963,0.951307336793463,1.04629766544253,0.978839856042984,0.907233611387556,0.884179324872723,0.985643026313061,0.963170747583906,1.08094860127705,1.00948867277464,1.0070280141154,1.0694106581094,1.00116170422172,0.929847700811849,1.07405532234347,0.957068481993166,1.07905375619788,0.972260869261718,1.01420333923631,0.997239903137011,1.06808663918113,1.04683183449318,0.967149001012507,1.00431241538468,1.06858864012075,0.946489166708067,1.01427621613479,1.00583937548994,0.943564936218168,1.01317194137561,1.02236305181963,1.05139021890831,1.05109239287278,1.00291897129106,0.991081616517999,0.983846444354536,0.954727931229883,1.77533478550613,0.482664176821709,1.58095102533698,0.365621844306588,1.12861154973507,0.252594374120235,1.11215650737286,0.579975790530443,1.58395312465727,1.45904006138444,0.84006808437407,0.50360559001565,1.20784757584333
1.02250872953356,1.09782769636363,1.02534208196997,1.03976291984553,1.0557275814231,0.990116984220029,0.977536410511656,1.01260587703099,1.02100420133816,1.03963896583863,1.03061044774483,1.02138244819007,1.0847895926248,1.02944027874916,1.00144090170993,1.04567222266423,1.06121507212413,0.983768504366817,1.02084661710671,1.00180495132122,0.974684892220699,0.967220613944702,1.05584723410145,1.05870044411141,1.02496736824011,0.870927906770217,0.995144067005044,0.950426812965136,1.05448764467888,0.960046335464288,1.00894153601408,0.98610237214119,1.00586706935243,0.965442623273985,0.975222723628734,1.02426530774329,0.947739147289957,1.06913766749814,1.02983563368747,1.05238322247427,1.00971758215977,1.00073476950421,1.70969153493643,0.569258196279407,0.811433022096753,0.314607484266162,0.481776893883944,0.484418311715126,1.49889503642917,1.75856668353081,1.27798078656197,0.242678568512201,1.28046784475446,0.207586217299104,0.778022437170148
0.940558263052418,0.986463342611415,1.01553193647325,1.02435221788261,1.02592671953857,0.987148218957356,0.967701446020085,0.947192247554455,0.927202915993634,1.01609769780578,1.02109917150293,1.04744083105973,1.03232823821602,0.953633852511665,1.03285241689391,1.03784188253787,0.963576715482976,0.988074949951403,1.0369902135304,0.973364432335234,0.993652284404039,0.962252490276744,1.0337877613806,0.998271571787553,1.0292262085552,0.920855414111297,0.988955712573502,0.98309775954632,1.06132016486753,1.02977915880535,0.993862112948999,0.972911778234923,0.971122184211362,1.03532942972794,0.938592587227039,1.02152604571512,0.943448230794491,1.00511328938304,1.05677511355369,1.02618759025744,1.00348056582461,1.05232610014773,0.391443427652121,0.87604753151536,0.669930730760097,0.580456271767616,0.421238810941577,0.994004156067968,1.02698811590672,1.03034607730806,1.45725090578198,1.56865297295153,1.00884289704263,1.17559176236391,0.42662055529654
1.01713534772444,0.982717842017581,0.968981764325557,0.927905186179827,0.982928369845817,0.978844260671885,1.01545975551051,0.97111636908961,1.02640930594552,0.997261893027474,1.02493358859662,0.933723636491043,0.93512298805945,0.960556500806012,0.934351032905778,1.02087718949056,0.941213748522252,0.958033605849709,0.989862190037951,0.975067349142159,1.01775988380333,0.954917860947952,1.03728573550042,0.940859565589108,1.03257159565987,0.960171981768801,1.03763525533375,0.982008504197421,0.981340560215036,0.973612153788718,1.06005639801601,1.02392084713864,1.03205222044733,0.932313308764639,0.96730983881562,1.01236582911876,1.01865742526124,0.902081168817006,0.929716437438777,0.972296115096647,0.975718254878483,1.04003693469464,0.957620514556766,0.322490973398089,0.462342515960336,1.74775878377259,1.31761454232037,0.291384552791715,1.45132475979626,1.06522333472967,1.2249540053308,1.03686222583056,0.526059760898352,0.928682567179203,0.894962798058987
0.976213528632395,0.957984802970343,0.980524179001121,1.03801999506326,1.02620188848579,0.9466938680635,0.921579479936192,0.988024900582306,0.905575312448192,0.998586436661443,0.977690245569205,0.985322217855907,1.0362402735266,0.961333502233496,0.994781232965844,0.994955599784507,1.0745504225858,0.984141868125146,1.08653292574329,1.04857017424006,0.971933895282941,1.00132993174316,1.00282336933644,0.987382127881956,1.02686322822405,0.959939040375258,1.01301878800213,0.996156327963177,0.980803605095748,1.0202709815356,0.941912520670271,0.944762473102572,0.98154593928912,0.933354389458774,0.98023721806092,1.00515755895728,1.00588607350232,1.01027096056978,1.04931215190741,0.992744591667974,0.955246514953017,0.979679369585368,1.00257855020463,0.361548916622996,1.25968118011951,0.223063837736845,0.737263883650303,1.52631507329643,1.16979419626296,0.729162997752428,0.239280877262354,0.299430378526449,0.318206072226167,1.10872098729014,1.11856913715601
1.02608458353639,0.95740583248594,0.965372282638216,0.980272041227849,1.00111961570809,1.0181104769408,1.05096341647729,0.968280699283604,1.00703228645216,0.947915192476285,0.98999750276927,0.969001328131512,1.01848080661881,1.03880698782769,1.00116962771877,1.03263949857714,0.992310826956964,1.01734427195985,0.945972400788296,1.00929441390944,1.004490665168,0.999530455436296,1.01678282868349,0.97007122533267,0.981247418814659,1.00136136658022,0.980609194990167,1.04464600261316,0.91113209803054,1.03047951548477,1.0195834922908,1.00124811808864,0.920563842235447,1.03168051710679,1.00447892410049,1.01637288313821,0.941360083748604,0.986119458539275,1.00639657618101,1.05907628075458,1.02832136675313,1.06998061975081,1.41704513803124,0.642185574397445,1.35654283501208,1.30694120563567,0.450062124058604,0.452847363427281,1.22855903171003,1.26174924746156,1.4655917942524,0.747962531074882,0.518941209465265,1.21711902581155,0.563108232244849
1.0013567267428,1.00982902790533,1.01049870556381,1.02663010497273,0.993473986528774,0.952926334267699,1.03079431990187,1.07467320931217,0.998638343274317,0.968650037848688,1.08059332233882,0.979806953754582,0.97526527954498,0.982311553239334,0.984135984222137,1.04198457717429,1.04248193022008,0.922562234109172,1.02650288476265,1.04107992581429,0.930151575747678,0.968521757885742,0.934046977137256,1.03150036975513,0.97108394819061,1.05324022902455,0.963867272429386,0.993348963431019,1.04850701662276,1.02115333979082,1.0342702245292,0.974031922128564,0.990038201442037,1.00920200983102,1.00694461504379,0.977026741930346,1.05673657076349,0.967689569717661,0.967440443261779,1.02617510707582,0.997778423560803,1.050264272043,1.62842364385724,1.04256922826171,1.34804880954325,0.30339383110404,0.965690145269036,1.23002638630569,0.617302064970136,0.400786247104406,1.25999282225966,1.76414813138545,0.241464037820697,0.773522682487965,0.31362148784101
1.02534264972985,1.05067447794663,0.995111990890132,1.07029596061812,1.05357200345152,0.958082101072062,1.01571600145449,1.04741253679532,1.09150973993543,1.05344018314913,1.05027379610771,1.06470305275297,1.03543818660256,1.04757483004759,0.991799568252163,0.988646085554161,1.00042071128066,0.981589390708236,0.923140533095632,1.00470110610007,1.0033553667656,0.997355187996859,1.05651360267074,1.05866169443989,1.00407087071749,0.984054038356616,1.01656596968837,1.01018799095438,1.01921452161264,1.04048918614295,1.00671229919886,1.01270897070453,1.04946451035957,0.973352522320273,1.016933908048,0.987418519350911,0.965001629453124,0.978209282440596,1.02849217794703,1.00239033440375,1.0033911781563,0.899521933684547,1.79472710043192,0.805381871387363,1.11850861907005,0.330534364655614,1.48285832852125,0.680085741728544,0.40485710427165,0.376873011514544,0.436945017054677,0.255369515344501,0.613181258738041,0.882303720712662,1.66543745100498
0.965062103170835,0.962391848059427,0.947089925431477,1.03404404065648,0.957734708419115,1.03709988246067,0.993150022515598,1.03001016637302,0.943639355787545,1.0035560619408,1.02630793534768,1.04536688598693,1.04449626703745,1.0520468320971,0.945051724453088,0.955151528196844,1.01053206417064,0.975149131096153,1.01449413967039,1.01942721285137,1.02088771848086,0.992484337381987,1.00378013162396,1.03176401953063,1.0311164479253,0.965881701094445,0.982003907568779,1.0023737830596,1.01063637750919,0.973202656287959,1.0215095650919,1.01877764682759,0.966871115759986,1.06237895577352,1.00198789826404,0.981364504815942,0.999916959290888,1.0122955214503,0.950589748363381,0.940681677023101,1.08005088201378,1.08202345477958,0.297436688095331,0.423448217660189,1.41737676039338,0.70353534296155,1.71844971887767,0.898654412850738,1.49655395559967,0.73649459592998,0.748737781494856,1.51210098899901,1.08465578444302,0.939912703633308,1.41670010387898
1.01482471615658,1.0614869025948,0.984129637587927,1.02982182219363,0.999714072390186,1.0111356639342,1.01500577077461,1.02969543076858,1.0298409644941,1.01941850722729,1.02131280848269,0.999585340910088,1.00647712869335,0.9936683832118,0.97286127050996,1.00754726155681,1.04329870788,1.01206520375787,0.990813642546613,1.00980938124231,0.953282117014882,1.06061437695999,0.95191160020537,1.02533467322799,0.968844712855762,0.987617673143541,1.00476710470536,0.960908705843384,1.08067217242581,1.02404300047998,0.986555670720945,0.996070228332858,0.964181363553495,0.961656249149457,1.01966101876717,0.995605765811744,0.997137752384335,1.02455363080853,1.0135190315096,0.988742246642179,0.996940345182997,0.991456817014361,0.957155425846577,0.997631904855371,0.936913664266467,0.819678223878145,0.246263577789068,0.637663135305047,0.292941788211465,1.54822485558689,1.2963380433619,0.85461671166122,0.939699267968535,1.3518176317215,0.8435905367136
0.937007855460513,1.00672104991115,1.00366548646395,1.01477848283761,0.943973900009143,1.05033896518249,0.958613243108786,0.985860846483687,0.979256293230875,1.03222170301849,0.997973106288892,1.03968830428447,0.993863190048598,0.984387566660196,1.01956686082664,0.949577341618929,0.939932924144654,1.00738204402422,0.933234741079554,1.0986141369432,1.00220970397045,1.03325614311887,0.975120799298281,0.998755244590261,1.04307569242797,0.960697060933463,1.07147426873133,0.968503820761124,1.05251323698336,1.01492265613119,1.06083338974661,1.03984790241362,0.996079354503075,1.02576039526355,1.02301740988787,0.997163641799532,0.993158467061487,1.06307450670685,1.07318242093584,1.01553416578299,0.974646822983316,0.982232325665706,1.20688311867416,1.03276001252234,0.430593944713473,0.415800604596734,0.25573005117476,1.14811706952751,1.05538507848978,0.854390588775277,0.211729430407286,0.570784507319331,1.18053292706609,1.57810270339251,1.35256168060005
1.06024801718812,0.990690206924395,0.926030738880353,0.935236726671742,0.99886476168487,1.01847449741902,1.0442837331373,1.01507756032894,0.974104902389334,1.06616513566782,1.02295313581881,1.05154578233651,1.01501111947392,1.06293872954983,0.98638561680315,1.02918895348609,1.03127953738861,0.978777788402063,1.03280809793543,1.01718482893081,0.975250786764929,0.959332921576298,0.967273199553033,0.994477758531484,0.975654423431522,1.06823434332338,1.04864369093889,1.01932532835653,0.968539834031221,0.96246544532964,0.94809448669931,1.06330522280139,0.966736035987715,0.993181510767799,0.963802634698817,1.05687390816581,1.01430178798534,1.01417464969253,1.09115725540669,1.02267100772595,0.974923186899712,1.01614219925717,0.261031845584512,1.50433252863586,1.71895961388946,0.310766871646047,0.336296898126602,0.687680549919605,0.97804540656507,0.833287140354514,1.34421233125031,0.95755521543324,0.924573830887675,0.483040982484818,1.24548207037151
1.03227362494726,1.05532541542047,1.00414953882446,1.04101270602414,0.945875131767716,0.98978612276104,1.02149047033025,0.941247917262977,0.920912232678435,0.982042411454499,0.997060057562077,0.999094265705799,1.03767222459334,0.927742036753823,1.01849311959938,1.07065340398978,1.09041803919123,0.944184747884246,1.01186548466037,0.958705456199206,1.01965547078067,1.00887512059122,1.03793517208059,1.02829565316412,0.957348441568105,1.0066617864676,1.01975987392474,1.04289932720578,0.975683214990609,0.963167308828803,1.00418594385679,1.04586310640133,0.976412027047713,1.01811207681833,0.974286572346059,1.01916472165572,0.987774739012248,0.962991267475549,0.979550288122644,0.961732710384368,1.0412328033513,1.00103721013322,0.235704503580928,1.42429620176554,1.58733128905296,1.08037518039346,0.662881192937493,1.66562384963036,1.79223353117704,0.655897390842438,1.07805452905595,1.59973394796252,1.616719410941,0.52244626916945,0.626249007880688
0.978209557815355,0.972851650553864,0.942396201370968,1.03697694293889,0.939726097983617,0.953834894024732,1.01108428017843,0.969629669510922,0.955050916127133,0.96354911137789,0.949509944570559,1.06889418490685,0.89745265060632,0.988354640404021,1.05879287332827,0.972390451367594,1.01493143348556,1.03999400101514,0.979838239108448,0.995950141257164,1.04001290083361,1.01179322869522,1.02777690904592,0.953309168818995,1.01086066335062,1.0132484030039,0.952386694499403,0.912881922248536,0.954605198964482,1.02473618482209,0.937797466267485,0.943616999887182,1.06918899485761,1.0248285736634,1.02087646662746,1.02308506817635,0.989547974608247,1.02363407733612,0.948220977752606,0.996990262914117,0.976288715348179,0.967091204502181,0.244807389751077,0.81727942712605,0.234332621470094,1.71220473200083,1.41383472979069,0.68910993039608,0.716746436059475,0.966470002382994,1.49813122600317,1.47225987687707,0.730638717859984,1.20269457660615,0.357596028968692
0.995898761836844,0.996753094667645,1.01002172618543,1.00288905952184,1.03739464695479,0.995181957412147,0.999709980848145,1.05481997874195,0.984395922226189,1.06473265145874,1.07706522609835,1.01305657891206,0.94299138676411,0.958430349022042,1.00961274005569,0.969865269589362,0.983015550187462,0.99026388735284,0.982736083417285,1.00480093202047,0.972646925815399,1.02664532948233,0.961797273046475,0.969544701186183,1.03388711506759,0.977618864733017,0.971121421110253,1.03897189065134,0.946669213135372,0.966470401427427,0.995295605999008,0.961168767615262,0.993956123891866,0.999439241550161,0.992445732334898,1.02660605449989,0.979158395328044,0.975802979250516,1.00746940886175,1.02104292535893,0.951977025296423,0.963987276907798,0.829448429495096,1.70648342035711,1.32082330659032,0.701789398863912,1.53660475388169,0.405397228524089,1.46183754950762,0.256104915216565,1.60901555046439,1.21300127618015,1.3845221683383,0.654450430348515,0.417940437421203
1.02265024402242,1.05939364053303,0.997131747170444,1.02331351986503,0.977933951787474,0.994642538000459,1.03241195128228,0.977380064083283,0.972276996541219,0.966786355387171,1.03146801466101,0.996730332600143,1.03690675466374,1.06941591803531,0.970924469954757,0.961959149308926,1.01585857175531,1.03348381391132,0.987359065862352,0.903571731290983,0.998659455464432,0.962773393382746,0.957964343081495,0.983111281676826,1.04343466146598,0.979946493987445,0.966857574049013,1.03021591223363,1.07026255686742,0.975837879340409,0.974392405523543,1.03359139887312,0.924651045393227,1.03792592044417,1.00166914303276,1.012335436469,0.977271147775238,1.0229732089655,1.0135546732512,0.944580029601506,1.05664816660968,0.967552252203554,1.23350053951144,1.07824944742024,0.494255689159036,0.759263045340776,1.66276196241379,0.979506935179234,0.874671433866024,1.68533063977957,1.59226750209928,0.743163126707077,0.809469314664602,0.831363939121366,0.912394262105227
1.04618496046145,0.960136200428293,1.08327144551771,1.0142895034843,0.986671137035411,0.965359361730529,1.06841858337614,0.991178276473929,1.0160341871005,0.966437523884171,0.999589076243652,0.984039575282206,0.972781585433253,0.998782540383697,1.01033919766774,1.06582360401576,0.976708654877795,0.894124943595635,0.9436658699547,0.985763770879174,1.08235209064828,0.996767170701215,1.05509789319253,1.02273032534317,0.983011335843328,1.00541763635905,1.00133335999745,0.996451275922343,0.973052624920229,1.01229869459334,1.04062169522585,1.05174154761801,1.02008128734894,0.998017772389698,0.980557790253342,1.03266841918647,0.939346853804927,1.01994573403772,0.981455254934997,0.983286627461772,0.966738330533256,1.02526296863863,0.408549474924803,0.250617784634233,1.73784897252917,1.77315830476582,1.71277689300478,0.426871629059315,1.51663762964308,0.792826675623655,0.957427809014916,1.53503894545138,0.489026866108179,1.75728217549622,0.503991502523422
0.97964106894903,1.01400720732397,1.00274613329038,1.02338892576214,0.961102829491205,0.98780708226121,1.01700981711669,1.00236438495522,0.968047735367019,0.986601976561404,0.999726202059273,1.02062357658323,0.986685176393169,0.982691503579775,0.967650052739345,0.999192828256491,0.985053698413413,0.969136808196031,1.0497711820295,0.917464405910855,0.990696428531153,1.02260658506765,0.993011827718729,1.05124322679962,0.955781182963888,0.963640968396113,0.985082590531003,0.972299428710585,0.99368183495318,0.99582264445572,1.00460064292247,0.956895099832944,1.00522220056765,0.908747653762432,1.02385434190669,1.04025550708255,1.02202881514729,0.984668590524747,0.989192048495234,0.941578687331963,1.02940243252314,0.970316417961954,1.32583785131574,0.638155192881823,0.630488652735949,1.79731902815402,1.31386240012944,0.581885635107756,0.621162500604987,0.424381689354777,0.747616294398904,1.0644893091172,1.27509513795376,0.599112676084042,0.936821234226227
0.997578716736269,0.984492463119433,1.04433409902204,1.00521835977891,0.957148448919736,1.00373736771894,0.907397344235564,1.06407476250693,1.06520064711628,1.01961700631755,1.01576748614431,1.04101954446829,0.996081954236942,1.08139530392702,0.998377248033846,1.02756150532155,0.966099850317532,1.04798075133697,1.02647780224622,1.00811900561383,0.985812390681568,1.02865709185711,0.994903618824472,1.02802715378803,1.00573147763932,0.942719349221379,1.02202313433338,0.984404293839802,1.00118361369311,0.956747390783695,1.03129031897357,1.02004017067857,1.01715132701748,0.966086399329686,0.955068563889836,0.973033517884672,0.988759009486425,0.965154292753297,1.0406592597532,0.994430439185086,0.992562450669113,1.00990519217745,0.873156493157148,0.611259750276804,1.60354297310114,0.641790349781513,1.07727621272206,1.14866349101067,0.392632454261184,0.898159684240818,0.740805150941014,1.48761229775846,0.920434445515275,1.55736834555864,1.60148575678468
1.02751541084117,0.947616645775797,1.02435271181794,1.03427387503517,1.00149473598037,1.03491868126931,1.06339592027812,1.0547338338617,0.99142487455966,1.07597095697568,0.994670811060091,0.996481044304741,1.00278837323359,0.98248846843292,0.950122416027514,1.01924809247541,0.936572143652305,0.953595321389783,0.969021885188241,0.9269551197274,1.01383380273056,1.00706266590685,1.04341777379966,0.962849602855314,0.989125053446034,0.94937706378169,0.979382258213597,0.998161300441982,0.985313297342768,1.01955161278534,1.04838807298845,1.05063903664488,1.06901833315556,0.957316864000988,1.00818981731516,0.980690774559475,0.98564761063724,0.96421112087002,1.00402841146891,0.98358152404021,1.05170039592482,0.976977796276279,0.231160838901997,1.44851245544851,1.36790147908032,0.892683028429747,1.77131612375379,1.78882309161127,0.305484506115317,1.28527098931372,1.4585463643074,0.942013215646148,1.32114309594035,1.2357401996851,1.44410163462162
0.984511563068215,0.987954922093432,1.05432156123216,1.0263579873967,0.959789903675037,1.00592955309701,1.04803408483276,1.02048393177143,0.954298172930746,0.969324521381889,1.07963580456247,1.01924982991023,0.935291415655488,0.968396597447904,0.989102776793277,0.969345889824762,1.00958472063379,0.982473680180139,1.02890258741689,0.973113358043154,1.02060788973833,1.0140324009112,0.985287698045084,0.979073913294184,0.979887409823689,1.02957098123855,1.07835322122595,0.924723524973041,1.01943060478503,1.02119029376709,1.07499411474376,1.00019361241434,0.993974615460454,1.04841566195617,1.03608244162466,1.00058379125639,1.0476112533324,0.979351111451957,0.973791080537543,1.03714010236057,1.02614287416669,0.976472700793191,1.19241210184991,1.46471890881658,0.992984575778246,0.485039405524731,0.506717038154602,1.27702543996274,0.720513552427292,1.78817861713469,0.878806430846453,0.328045168146491,0.719138675183058,0.878139753639698,1.53642880432308
0.993409214920683,0.996369649944343,1.0243713856943,0.989175564461689,1.02262007713981,0.931888712476529,0.998786863225058,1.03091519214273,0.991734757941753,0.943778305497869,0.976171149720754,1.07694415583667,1.0758761456649,0.933768215504004,0.93314253970274,1.07765196240153,0.994139532504418,1.00735445600674,0.972610343938864,0.94413446078523,1.0509490687584,0.964604288726368,1.02879481479944,0.925390723013784,1.06542055033361,1.00750293121213,1.01654066447257,1.05120913710193,1.01794007296323,1.03443842036693,0.95693632400214,0.915310706589191,0.97869514163247,0.983271688520378,0.966347985314218,1.0782448799695,1.0202094502831,0.96444728693843,1.0320273857382,1.04254588949701,1.04330529973403,0.989607244733968,1.25481187924743,0.686227633059025,0.332977230474353,1.23552352786064,1.51619223356247,0.2209257774055,1.20349562354386,1.54061488881707,1.01361449845135,1.68768639340997,1.46491725966334,1.77715926244855,1.50230143070221
1.00216310180663,0.928434550640978,0.935841816470662,0.942302445054689,0.944175197358803,1.03182725549255,0.995961728855507,1.02189402422157,0.988971440589183,0.937509166076029,1.01823050558351,0.999897401788397,1.05118392003332,1.0301865007273,0.957142252006608,1.004079065559,0.953618861748492,1.04660934902244,0.984594035016359,0.948758739007446,1.01967281311898,0.997903144377663,1.02779993695346,1.00329579271073,0.952667535275668,0.972303265915824,0.979196440441794,1.00423798148999,0.966259410479702,1.00751427060814,1.00697293370792,0.999757685156033,1.02789156440684,0.957581385633101,1.02308907153539,0.983353954320641,0.988044675644619,1.00516412565353,1.00041486913836,0.960194105488851,0.955482979923336,1.00208388325388,1.4477707426995,1.0857295230031,0.948838139697909,0.793861581757665,1.17301793769002,1.36135816834867,1.01686691865325,1.02643978409469,0.935386217385531,0.419836661219597,0.952826540917158,1.57171427942812,1.03795351609588
1.06431478424154,0.980697119823438,0.906294139161296,0.935060203958881,0.98972991081953,1.03975379856762,1.02386803856766,0.967904232737308,0.962330684203096,1.00873163628493,1.01238810281991,1.07764282214945,1.00681796495402,0.985324137506301,1.03762985580688,0.970987066049756,0.984223768018687,0.998194116157632,0.993657297977191,0.979415208642789,0.935936224363699,0.966032093539092,0.984743191746166,0.998793229688755,0.950354047311248,1.00737189949652,0.987956400389509,1.02044056613303,0.968668754016151,0.995383961818141,1.01204843826931,0.998856422747112,0.959705182312709,1.02455420919904,0.955247624563641,1.04237520495505,0.93307044496973,0.959651277227971,0.960399646885383,1.00450132672705,0.975865436401853,1.03164354856612,0.358275583013892,1.05970406085253,0.522084302455187,1.42226211391389,0.876085539162159,0.830556601285934,1.32215898036957,0.33996936455369,0.237287343293428,1.3447193454951,1.25262663587928,0.312087892368436,0.772460408508778
1.07007900583107,0.93141029261713,0.988415106009681,1.03993078356418,1.02265984699109,1.00976624410734,0.994497719428642,1.0276251308341,1.06940569690171,0.942087301072768,0.995840778470322,0.966500050285982,1.06245230668203,0.948672973382477,1.04809812086411,0.963596994197955,0.976578257448296,0.993124266425466,1.03541282537509,0.966866309345933,0.922677920035209,0.989901115965747,0.972154710865924,0.972478797713924,0.938441930163115,0.99748444884249,0.980010454558435,0.983414108041423,1.02337122511712,0.952693882187028,1.07934542408581,1.00813177135628,1.03576907824506,1.01387483000562,0.949196588456405,0.964329644871888,0.995485313673947,0.958770710373776,0.978449049293426,1.00016841265741,0.99731744103479,1.02318428829829,0.381124330684543,0.359071590378881,0.203999523073435,1.58821347914636,0.606541587412357,0.837073626369238,1.77979026176035,1.73683769851923,1.00717929452658,1.0968249514699,1.31121316365898,0.974622746184468,0.783420779556036
0.985468060022967,0.9789925660863,1.08682907515422,1.00775650759798,1.03320873789085,1.0409380004436,0.935940216260476,1.02121093170456,0.949631363098667,0.957668607188513,1.01961717880408,0.972603370034544,1.04463294010106,0.987100705456281,1.01686819345773,0.986486472836793,0.992385993459331,0.980155740551857,0.948015405391985,1.02305850665969,0.977260010966979,0.968668644760993,1.0030895988333,1.09388884584541,1.0051592334635,0.986581995918736,0.976319493881397,0.994947612398561,1.01366772807489,1.01831609998831,0.984215896174168,0.982646640360304,1.03917566778785,1.00097660009218,1.05396198440136,0.953301467234765,1.03217862197088,0.894889923239171,1.0330945336934,1.0304998181536,1.02589747316772,1.04528599518753,0.216535061225295,1.62270784601569,1.24749737717211,1.5902677886188,1.4398747228086,1.19777933880687,0.861489007622004,1.53544940538704,0.921285263821483,1.73832934722304,1.25570496693254,1.4565690420568,0.541478809341788
1.00122341227636,0.995436777408553,0.983458649311765,0.992919056050343,0.921686751571789,0.917244476049886,1.00605654374999,1.01854807281158,1.03939778321399,0.99275131159038,1.0489309009205,1.0142623229406,1.01503194788816,1.04927365105548,1.0247059975035,0.968718948785686,0.9604818390514,0.997054776894921,1.02687207920491,1.00719754333393,1.00236951783393,0.977434769574061,1.00069177631085,1.04188815029753,1.0053725272433,0.97402576307016,1.01284050433696,0.959997140997192,1.02353917952873,1.00236647763641,0.982686072427719,1.02566674103313,1.01308950799288,0.937702562155643,1.09948619633801,1.03967944511405,1.04386344613094,1.03670530257885,0.956395723908604,0.932015977784069,1.00061861751445,0.976475506104992,1.47546041682363,1.55091792047024,0.956936499476433,1.12786474190652,1.32201528288424,1.79376526661217,1.04810862727463,1.49530666358769,1.4227979272604,0.330270196124911,1.64892121069133,1.46819329559803,1.73725395873189
0.933421418281396,1.01499445294928,1.01854171143658,1.0208122463607,0.95074516973855,1.00595474263708,1.00408941607045,1.06613469632819,1.00292760366124,1.01174581070974,0.944919146990953,1.00881799738978,1.02047901500198,1.017231514729,1.0567859158411,1.06398555975259,1.01350119255449,1.00114382799276,1.02044228670205,1.01935366230189,0.935406156797644,1.01215391109352,1.03620428075226,0.956427256651881,0.946629116362424,0.993268895008747,0.979415756613849,0.986678769700909,0.952438943988077,0.973152010871011,1.00672496426178,1.02192050215476,0.963608299011584,0.963856015152465,0.978872196261834,0.952379182071219,0.973640652177843,0.965375433378529,1.01694399193199,0.935213556077541,0.976758119467555,1.03068547746881,1.45667164511979,1.15445734262466,1.19820676706731,0.758447015285492,0.685308298096061,0.350616380944848,1.23624770566821,1.15104575306177,0.71236462816596,1.19754586368799,0.479990599304438,1.53703112378716,1.24548911489546
1.00907460213214,1.02316943003641,1.02122596353238,1.05811699023492,0.959137170385657,1.00712474612057,0.989897402774646,1.01815778448535,0.999957149658545,1.0895649938551,0.984260719743596,1.04098962467874,0.945245933310756,1.05544340547226,0.947034802390783,1.08837028406624,1.00802385857309,0.986849689575058,0.997494165435984,0.962758842434923,0.947396279455724,0.934938798154053,1.0051648040872,0.991107127817663,1.0060472928251,1.06364343091913,0.98235006398341,0.957030801405762,1.06419207516375,1.01999864611214,1.08388112817524,1.01982221566035,0.934997736327443,0.961101376328334,0.995634639358441,0.965944721105928,1.03590120159129,0.999194346491163,0.997578385973483,1.00373041767842,1.01137017868325,0.970778058578857,0.681703621149063,1.01308547779918,0.671978333592415,1.10634465329349,1.56710873655975,0.578392447903752,0.458235605806112,0.915255915001035,1.42164010591805,1.55433542020619,0.933184149116278,0.619520525634289,1.77989378981292
0.977924908876591,1.05375339042386,1.02930417243199,1.09097116071579,0.992398586042484,0.972329166223932,1.06104058019846,1.07661326860848,0.980214309994569,1.06175572737985,0.99119792431817,1.0399731842927,1.03057643217829,0.977018231538476,1.03634988535826,0.964427538871178,0.992834392228582,0.932882939543131,1.00704894037352,0.968715135991207,0.967346151698292,1.01327192491463,0.97869941604975,1.03196639456204,1.01338346552681,0.98746006409182,0.983342369816255,1.01960549956866,1.04545875900583,0.976194934384031,0.908779656222071,1.00189632373284,1.0145922141949,0.963051836895216,1.088577877026,1.07056096330116,0.984286127564199,0.989135255791885,1.02307467790948,0.997660067439405,1.01871084648609,0.917349635342196,1.08307678587735,1.40687503702939,1.02610837109387,1.37157835103571,0.557512731105089,1.6366547331214,1.11479268856347,1.31165882088244,0.804863015189767,0.756987036019564,0.923051328584552,0.918245762214065,1.70833070538938
0.975385742806524,0.968541955799093,1.00066958281816,0.961710952372618,0.999191573888848,0.970364686905633,0.953725623440333,1.02207299174862,1.00519464756227,1.03181286266184,1.01946618991201,0.909893766767553,1.07653005613824,0.93429037393056,1.0077972259829,1.0304692411395,0.952692944303764,1.02011443836141,0.920095675601087,0.921265031139222,0.989791625456152,1.00819921445727,0.953821183590657,1.04093392181247,0.986402655572413,1.00943326062523,1.00448366135299,1.02562349980443,0.975229354091301,0.970228471505916,1.0441653517348,1.02853649737081,0.927879302911196,0.976366649592634,1.02464107538167,1.0665296812541,1.01781208730837,1.02467573464679,0.962572454411505,1.01922819173513,1.00009508554381,0.977620144292025,0.961063976585865,1.18069103322923,1.17090086340904,0.452962481230497,0.77993234321475,1.37157020941377,0.957187272235751,0.614324483647943,0.314383159577847,1.05018703602254,0.455695009976625,1.42495332472026,1.21834710799158
0.970248256638628,1.00742527894654,1.01658658781071,1.01376541515441,1.08370045533441,0.993412162528403,1.03721212226999,0.973615230558887,0.946923494122567,0.999939765004273,1.01527432713661,0.952603806786489,1.01685234903721,0.957283892379503,0.977231432772164,0.991619998888803,0.988212762035823,0.979493379757512,1.0540918380213,0.997544427283625,0.922074892574205,1.0356284203947,1.02289338504509,1.03126886749224,1.06172784470979,1.01374255656043,1.039878566509,1.02290105367964,1.00439398163146,1.01290022330621,0.951071323979426,0.965319678038366,0.993829353846169,1.01748531561798,1.00357237403912,1.04568606925195,0.994065595563888,0.981760316022928,0.97137464744492,0.947201281372079,1.04912742155109,1.00786397804736,1.19141225069761,1.43654982298613,0.624867268279195,1.38018366247416,1.77132294625044,1.1404420658946,1.63796292878687,1.61942790932953,0.916028895229101,0.766300153359771,1.05754285119474,1.30762841627002,0.635528544709086
1.00848093340798,0.984556876433639,1.01669329256584,0.983717175346149,1.00809184570358,1.0270203974255,0.99572373448913,0.997682596452616,0.95296459455472,0.9701893421325,0.970147363962069,1.07589280206579,1.03200303809125,1.00581051558047,1.01656511848626,1.08600425779255,0.941126849199871,1.03555405695143,0.99977089925633,1.00015408209124,0.993865524822566,0.973219657394664,0.990684807222083,1.0376243561698,1.00016993866161,1.00939116891432,0.946280439389565,1.02357104858405,1.07128406242639,1.00014330689088,0.90323799959934,1.02978589213023,1.00103739491291,1.07271686024018,1.05740557637024,0.989359117511598,1.01797258648744,1.05757859748423,0.984869756739885,0.967917681370941,1.03582547974432,0.990355316213011,1.49197238720953,1.44081113748252,1.36431140936911,1.57933127135038,0.317133173346519,0.21879353299737,1.75666865035892,0.742558544501662,1.44228851720691,1.26084635332227,0.649138915538788,0.734781288728118,0.327403190359473
0.989303842979008,0.937632513330041,1.05529802880644,1.0642057285316,0.972286963874577,1.00022958440471,0.956515560358598,1.02069882343814,0.998014539091574,0.917080307703734,1.01332501788841,0.988283830446135,0.962211295283811,0.971064962612412,1.05361253391761,1.02984217787269,0.967771260180473,1.04682807032748,0.980153685822106,0.936366912049425,0.985553573342728,1.01583368771695,0.994594166337615,0.936433263700071,0.975029601204184,1.00844997549665,1.07050952305364,1.07705906183369,1.00322639717159,1.0498383565008,0.99747225674457,0.989507668576496,1.00645626378525,1.04107958102724,0.975037638580217,0.950653222533469,0.973391136373985,0.953527804839316,0.973275581552715,0.931970009461844,0.943147105122488,1.0510102274461,0.990253366902471,0.378566458448768,1.74622470624745,1.00126986354589,1.44592143557966,0.648464023694396,0.902475819736719,0.278333423286676,0.803009667247534,1.73833593949676,0.340454213693738,0.785332073643804,1.62222893126309
0.986506925853211,1.01019972997401,0.934873351710339,0.994232273445979,0.998793924400125,0.941697268340509,0.986982015085728,0.971645029091783,1.07043209178474,1.01836650222808,0.977672354158011,1.02958866802582,0.951925027243469,0.971039861490941,0.967005012403606,0.954770275011818,0.941883980666629,0.950355819035476,0.973778425919494,1.01596438882121,1.01337374260535,1.02505336950541,1.03110765108499,1.03297515084941,1.01272175404822,0.980965037752877,0.989542109546241,1.01063537937386,0.99110278075409,0.992422218169219,0.953018861205026,0.947893819092343,0.988890383338164,1.00123566950105,1.05068712698261,0.980488881326864,1.05084143849512,0.999762384743777,1.0138963482245,0.961500908476183,0.960846319946722,1.00700127232665,0.943264347314835,1.01739496253431,1.3879309296608,1.01157391555607,0.653613927587867,1.34941521659493,0.66329035833478,0.272070627659559,1.33026956468821,1.20454309843481,1.46502227373421,0.442107810080051,1.26573595106602
1.00635191563539,1.00393121886903,1.02456904618836,0.992491343263111,1.02455182754242,0.991259128229988,1.01192491162261,0.990350477756737,0.991190239201375,1.00529819189093,1.04355093090577,0.981073421592108,1.0018468803844,0.914319329387205,1.03989744033776,0.977913757008832,1.02096277966418,1.00154237149382,1.04400321928237,0.979696886980656,0.950770057727919,1.01779335324003,0.945459130542524,0.975195565738021,0.986960122486643,1.02845556067489,1.04106101236211,1.03809529308746,0.969165136158026,1.03008722962065,0.92621476303816,0.981663620938715,1.03862138582833,1.05087985760377,1.04041046946318,0.969694381332415,0.98741337525997,1.01438386953572,1.07897178774116,0.988898188669367,1.03951403779626,1.01564120051481,0.584618968144059,0.30923361517489,0.701742612570524,1.25299791134894,1.02728331163526,1.69701968729496,0.734815760329366,0.641105958074331,1.40883443951607,1.4707474488765,0.490829861164093,1.15186963267624,0.847410403192043
1.01211193913883,0.974911407147205,0.965563205805285,0.959969538060867,1.0013678838893,1.02147271755155,0.995303491229653,0.978060470126033,1.00584811953774,0.974660989756086,0.959679613199485,0.981060398237805,1.01217052781502,0.953786968559938,0.989711373615968,1.00784180290838,1.03954677878506,1.02279344636036,0.981757872766369,1.01178653558675,1.02963947120954,0.995262278956392,1.01032916330152,0.922789477484573,0.99073590298503,1.0206149561205,0.957863812276702,1.01478499739776,1.00859105890585,0.922584768989156,1.01640259383587,0.999432168822097,0.993994243085047,0.984669394461743,0.958057244732996,0.969215845747531,1.04232433261312,0.945011121074945,0.974613268223769,1.00499827946959,0.987025406624661,0.933028732573953,1.49886325858533,0.327451411262155,0.862009466066957,0.716612535342574,0.509639745205641,0.344319905713201,1.65145012848079,0.263121829554439,1.5594388127327,0.264404521882534,0.575152885168791,0.904255594313145,1.65464185476303
1.00838686260716,1.00159206921765,0.949191044062808,1.0370560696036,1.07026945733728,0.970923249799719,1.05452433187421,0.975127644713865,1.03287481566704,1.03396555429373,0.988818041021215,0.977169594053419,1.02063989324557,0.987484942075442,0.971708075621353,0.974623512645448,1.03496471908388,0.960926158728157,0.960066535696885,0.973932938114614,0.945733846697909,1.01819649708492,1.05790004154677,0.989711367181544,1.07294786899289,0.993795522261571,1.0009889692707,1.04190212155687,1.06142221181422,0.960962462943776,1.01020176020062,1.05037328906119,1.01362045647762,1.03372801099662,1.00276556856377,1.00474714938219,0.932236163691603,0.990653955902738,0.993165994022943,1.05443296838183,0.973159612376723,1.02710687066065,0.81362518183887,0.392927046120167,1.33145348504186,0.779216284677386,1.03448914960027,0.391265869885683,1.29204953983426,0.306592886894941,0.365227914601564,0.284515241160989,0.347080928832293,1.33278885670006,0.700929888337851
1.04413654066005,1.04595902575859,1.00530404417943,0.986346704784061,0.958917326810341,0.973477736597268,1.00167909536233,1.02838882837988,0.980055668329215,1.02896575568861,1.03037467280376,1.0032051504093,1.0233824294551,0.978677702334734,0.989112278892411,0.94641540805723,0.957275227709209,1.03399551468026,1.00117010998233,0.988350466418337,0.999140552163795,0.951665164074946,1.00410396114854,1.04859295769347,1.03926956458479,1.05428439216338,0.977903541016269,0.971686801505683,0.984802214532801,1.04262692839452,1.01905687914624,0.979467816636738,0.967618799684785,0.931448210196099,0.964533705645994,1.04151595717422,1.01652126686536,1.0559045651106,0.993910229593538,0.981148457169663,0.947685998291876,1.03196529374702,1.30775287672877,1.06603386327624,1.197832685709,1.72732139416039,1.36742470785975,1.09157891049981,0.41999660693109,1.47047757729888,1.31984796784818,0.479874290153384,0.391882251948118,0.718621977046132,0.786552373319864
0.975287302914612,0.99423163300373,1.04623029592733,1.02218211306146,1.02684871085083,1.02574103229433,0.976731853687924,1.02354386257644,1.01963279231886,1.00187423901109,0.951282427237276,1.0240735031191,1.00916744125011,1.00747278156135,1.0579997311626,1.0407476131328,0.976804820099278,1.03786936137955,0.992468749699862,0.99437651487669,0.98464327634855,0.974324093973535,1.00807018922696,0.978668769743702,0.992287997457863,0.975295778136367,1.00681648476724,0.897033682608273,0.999813176270862,1.02406390384582,1.04230336274485,1.06539731556685,1.02029387684269,1.00990654565807,0.975802047998772,1.02692193623005,1.01750354209158,1.00196506393914,1.04785227727657,0.999230144301652,1.00357840989618,1.08301495642561,1.51608736738563,1.14337276853621,1.70879322625697,0.305620239675045,1.77520972415805,0.645572570338845,1.58808588460088,1.23910839185119,0.896825771406293,0.274910685792565,1.75938297659159,1.20477168112993,1.22460454292595
0.996444851834741,0.974716167597116,0.935236692096785,1.02981666857782,0.951819281602703,1.04063409459554,1.03437661117189,0.9509721167255,1.00400849476581,0.965584024491927,1.00058158160474,0.959057692954698,1.00312020839904,1.06539660661778,0.978320939641387,1.00623207748317,1.08525400935802,1.01858165455812,0.97211915080531,1.00500681291638,0.963315873657567,0.959389214548613,0.983474221850213,1.00826007685183,1.01454540799659,0.983687138971267,0.999586860272152,1.02086206942689,0.991540185852881,1.00574544655752,0.950061747956244,1.02477922851655,0.923775917994682,0.988941216801628,0.959119653719766,1.01709101869904,0.988202144086681,1.01566554654054,0.974154570380352,0.98342822819175,1.09225889782815,1.02523021981549,0.558462231978774,0.217861099541187,0.741262356936932,1.24754520393908,0.712688553705812,0.726510610803962,1.65757176168263,1.27853295430541,0.747928036749363,1.1853277489543,1.35879324786365,0.840201147273183,1.14754870273173
1.03225616034994,1.01923408853121,1.02387838293254,0.998602821214396,0.976836045359367,1.05181726863986,1.05667872873881,0.962578378446886,1.01286124782889,0.969041852614345,1.0075167467615,1.07418040526919,0.984988686637011,0.998212517202613,0.984697074258725,1.08090447277964,0.941899726056909,1.00876420817872,0.978562569844251,0.980299621577614,0.996819869520612,0.975121852366281,0.991365968083521,0.956661146703103,1.03728645619951,1.02595585126729,0.997210099220248,1.026313398935,1.06318108524713,1.00439661144217,0.99386906488268,0.989306090833395,1.01052362763364,0.930635165389951,1.05430080360698,1.01486629951847,0.985851944093979,1.00204015836857,1.00210197248549,0.973813478471386,0.972038462643286,0.968696968056674,1.22937690876424,1.13127596490085,1.62509022839367,1.34824151471257,0.37269802801311,1.35040467083454,0.621657701954246,1.75023533366621,1.59455079473555,1.02514096386731,1.78028482459486,1.76797278262675,0.916095835715532
1.04470200584451,0.976415225332575,0.985757469783989,0.973735634974643,0.963824769419266,1.00192360329323,0.992319843473963,0.998906450778408,0.983659185786708,1.00176108210167,0.9954327957911,0.958616792214642,1.02689275575265,0.925022115612179,0.99076857103891,1.06467238980501,0.978337923640735,1.0103027719374,0.953967216769662,1.01110773835449,1.00808494011967,0.957453069163198,1.00441870655644,1.00299869888599,0.935082924495609,0.984190456077766,1.00063330406817,0.968032690286706,0.981017366267354,0.99063416183239,0.944897093446238,0.936256501419181,1.03185192474887,1.04300930540545,0.98438639553796,1.03308993991704,1.03868439222642,1.03124590742157,1.04913792535407,1.03066093966659,1.00546654194497,1.01720634841894,0.336443407088518,0.822054034098983,0.283744294568896,1.10526368916035,1.04206554852426,1.46617879420519,0.718166782706976,1.14360860697925,0.95052151158452,0.359004475548863,1.20121436752379,0.841165135800839,0.647744430229068
1.00730532482338,1.00999374135052,1.032476898924,0.946025856004139,1.04750362094773,0.987720821722048,1.06006061153548,0.980084502513314,0.948287703583863,1.00259475521788,0.976480193926938,1.00950930412287,0.993169386798968,0.969178535899413,0.971843207173906,0.959737893140325,1.04884001819656,1.00656129361895,0.967767916131417,1.00103750996384,1.00605102735712,0.946980035829697,1.01109901693569,0.966217675748984,0.993404838800151,1.02219276596001,1.05619315591477,0.950347112763493,1.00510370950737,0.977953689808984,0.962285634345294,0.972736985890243,1.01208538595353,1.04192197651219,0.980141160368755,0.968726817665543,1.04075576661832,1.03186938618631,1.03586171600759,0.997707332273469,0.967131536964275,0.989845148847785,0.611891029775143,1.69757126457989,0.264420675486326,0.331382776424289,1.23066506423056,1.58109647221863,1.66961171813309,0.308120466023684,0.37882338501513,0.867963087931275,1.00618031099439,0.942045563831925,0.471367903798819
0.97416051156676,1.03326431543558,1.00843420616918,1.01676155679896,1.01388037532518,0.995643194186306,1.03179399043549,0.992649261994512,0.964474150513318,1.06011707914947,1.09262129114602,1.01775677249101,1.02191250002814,0.959694098466118,1.01346331486379,0.999542602249742,0.988965010917431,0.923758062900639,0.944265333574925,1.03655506944697,1.00768693789415,1.06277131526334,1.00657516410336,0.931518935945605,0.996907142608883,1.00866727102761,1.01478789143065,1.01806109708411,1.01173775318525,0.965866548390643,1.03403428940666,1.01501492538321,0.961157690980905,1.01110480625711,1.00493911050843,0.988736434786459,1.01777860423786,0.99638937418418,0.966871720258903,0.962342611322205,0.929483722024934,0.988590328038291,0.249855255708098,0.499591084942222,1.25719087049365,0.465514628961682,1.23392087854445,0.883926271647215,1.1419167406857,1.17866355665028,1.49242874085903,1.39870961904526,1.51231207735837,1.2566863052547,0.390789304301143
1.03322095676301,0.971532067252207,0.970476267186865,0.965820658016723,0.954969414770468,1.06558672327288,0.957311001342796,0.951463014956256,0.99770787814841,0.973849068681478,1.09016656108014,1.00010671644274,1.02367390641191,1.02079921742193,0.944512437714453,1.01555691676789,1.04255132861221,0.997929699840351,1.00625336293819,1.0249687507658,0.974097697471326,1.00378238288666,1.00284758223726,0.995394795929004,1.00535552424002,1.08590594171925,0.971126295636791,1.03490043178622,0.906126689693486,0.947107695151631,0.99424570365005,1.03702479273487,0.968584338944804,1.01633643067817,1.00645456758297,0.987028007265071,0.971795321816633,1.02283969884313,0.977633473399893,0.954739829059434,1.02568299157799,1.0337452299209,1.43409603275359,0.913330956175923,1.53555614501238,0.635640917718411,1.68711992427707,0.879453101754189,0.594704714789987,0.943486345931888,1.23038279116154,0.754070705547929,0.451250470802188,1.5517542693764,1.61803857088089
0.970505354640508,0.934951528785892,0.96299360356744,1.03888640677534,1.0546760332197,1.00861538349117,0.996305838704305,1.05213689456944,1.02568578759983,0.936552188910928,0.973608828099946,1.00919616790983,0.976726886877159,1.00024663399558,1.01329486856727,1.00961136915204,0.95193990855773,0.979606485799851,0.958561253063497,0.990096846156944,1.04331210608605,1.01578333810732,0.971551911379339,0.920099580217419,0.970421134091568,0.986739431848665,1.00956759566875,1.06353318270764,1.04132415685523,0.959914910406116,1.03181936274238,0.921879098862988,0.973310672508968,1.01887600772733,0.985658126836287,1.01874263148274,0.99302613608361,1.02807476339056,1.02356370514802,0.977910735431643,0.979072362002502,1.01026440876858,0.325349372625351,1.40240049436688,0.983636235445738,1.77980163395405,1.28786243535578,0.253383421525359,0.65117382965982,1.08084104880691,1.45971933491528,0.527694316208363,0.719666162878275,1.64204855374992,0.229752853512764
0.991174999038564,1.05721019230974,0.956873516523829,0.97951833287699,0.897843428019126,1.0479642127583,1.05163475699012,0.979199252152543,0.972664905400615,0.930376408756129,1.012077482456,0.975435364276658,1.0423558755576,0.985473940262166,0.991945750697519,0.979653473013477,1.05723586355703,0.999493050369166,1.00711382619517,0.99163839045429,1.05193252788793,0.971553600349693,0.994184284137162,0.981982289756792,1.03139767099405,0.961576841872145,0.967765820741065,0.971102933292313,1.0135886244579,0.976614366433903,0.972076849555108,0.98737701222134,1.10920256555561,0.965589939336027,0.940103728680556,1.00622370931452,1.05462873192395,0.979884334353045,0.980049569892114,1.00804503963649,1.00466093951863,1.00063390828995,0.861974360048771,1.02970758825541,1.05393341742456,1.73069789372385,1.63510491773486,1.5804523140192,0.494310388341546,1.74486107043922,1.07939020656049,1.69382742866874,1.52702166810632,1.75702431052923,0.478852701932192
0.962002504474386,1.04596701889097,1.00744164396538,0.994884569251361,0.973142447832952,1.01660509219921,1.04485101378802,0.958871340070548,0.982981735756283,0.965780283399604,0.954107400497268,0.932338083494043,0.993417866226547,0.994539854348642,0.972018759762139,0.976340659975507,1.00651841791795,1.00118363403662,1.02879169629879,0.973836162053642,1.06905601468156,1.01372032483667,1.05780246123935,0.928149929559536,0.992990185488405,1.02094373846596,1.04841502026641,0.998844214425763,1.00541024867506,0.967290239550565,0.98576625142852,1.02832154271178,1.01112793020346,0.964162736928542,1.03134422236894,1.0071899120749,1.05051360493656,1.07858833128427,1.02547927603617,0.927997356019578,1.04263578351839,1.02109148952009,0.950704850628972,0.738913038372994,1.60298887044191,1.17573281489313,0.970657516270876,1.4058263476938,0.518228066340089,1.70120484530926,1.06159703060985,0.861515156552196,0.495991142839193,0.68893319144845,0.841562166064978
1.04311778295196,0.991030907026523,0.949334533854155,0.976955174983724,1.0140296949283,1.00428132461503,0.934977050720426,0.985987459574643,1.07832325237131,1.00923661063012,0.971316507179925,1.02586737613468,0.986094212638541,0.975372453310274,1.0114629194419,1.02014649407467,1.05805286781553,1.04763338433673,1.0114667647531,1.03141180043026,1.0047128785668,1.01146651295728,0.99236763726545,0.983220827289435,0.988892460350684,0.926132870509995,0.910255167683793,1.02111190470862,1.00851987565642,0.954865074629948,1.02328812942168,0.994824518676389,1.03286984294443,1.02246912620941,0.999393931855433,0.978909578792329,1.02153222641,0.996210858600495,1.04844497421529,1.03254260756631,0.966260893564178,1.06553294631449,1.76010985821486,0.671198710054159,0.888794707506895,1.17698441706598,1.47149733714759,1.67707123719156,1.48981633484364,1.21113052628934,0.267684625834227,1.64481701664627,0.886347507312894,1.15936848893762,1.77834347821772
1.04031266370307,0.970562414695686,0.972253682140262,0.980558432105872,1.00208358362199,0.99393762888879,1.00161501023723,1.02105189397604,0.963897463920698,0.964476891743342,1.02101553884507,1.05386626917104,1.04809421212916,1.0452991905167,1.03666218488215,1.05832069511826,1.00352788968633,1.011294721576,1.09059254129865,0.960668322326385,1.01346422337673,1.04163751225898,0.975209531726853,0.986246572733357,0.920212025128433,0.965561963258053,1.01899733034414,1.02182107105839,1.01849784248579,1.03077400759005,1.04891519305955,1.0041144930388,0.985553795006947,1.02526508135139,0.966124354955248,1.05385107959663,0.954840122056511,1.03144561953525,1.03939831124954,0.997002904094539,0.93939969804168,0.996832461925103,1.482117369771,0.910999669134617,1.28471805006266,0.794264576211572,0.778111343085766,0.679537986591458,0.960951152443886,1.71593856327236,1.36264170072973,1.50987990126014,1.10684485584497,1.69036967940629,0.845728931203485
0.945352432556409,1.00298913340559,1.11603787466431,0.993353812280228,0.997668329419441,1.04258935663388,1.0099647399707,1.01394546111657,1.01127045952208,1.1216268407123,0.98804365376138,0.944871970212772,1.00644086333404,0.904533064600692,0.966104169301905,0.970212119015028,0.987748023855918,1.0394622283149,1.06464768979608,0.969300577940509,1.03312330351517,0.974339240393928,0.981738320148067,1.00783227479146,0.957396148380107,0.991093328409276,1.00093756728812,1.01765864362576,0.979354166318102,1.09210570005547,0.961604246917391,1.07629755534804,1.0266684120407,0.938742175357668,1.02250062752995,1.05630736391134,1.04159082431325,1.01831188127082,1.06261316871718,1.00529223961324,1.02237945925734,0.993092385542211,0.681310024484992,1.03208197504282,0.662827432155609,0.500793074443936,0.640398201346397,1.00234423205256,1.50289420969784,0.569813009351492,1.62390807233751,1.6607259016484,0.470906060189009,1.05891912430525,1.41491481438279
1.04312873236312,0.979120625574731,0.967486408671406,1.00973493678166,1.00471139836506,0.991990619751019,1.04920673619271,0.949611657241973,0.974788630048596,1.02676206150688,1.00304264767238,1.01903117752695,1.01222148784493,0.997552972778196,0.993507779635836,0.909264638280797,1.01891388055071,1.04766034331859,0.971878939541692,1.02776290065412,1.04560899301519,0.987547301269445,0.978013337686529,0.977196029801813,0.985022533051219,1.01477158908396,1.03221444395528,1.00463581544901,1.06075349547682,0.974105966078139,1.02722556909714,1.04257926377122,0.998418118296605,1.00396634760935,1.01206950822748,1.00694845792108,0.935231787739443,1.02075942997641,1.0250323744045,0.985789318120054,0.948820724892017,0.963891427896873,0.420037233829498,1.78801766037941,1.01927643120289,0.830670457333326,1.29419846720994,0.321863221377134,1.4547701779753,1.04598724879324,1.63463393114507,1.50201985165477,1.25211749523878,1.70976599268615,0.940401865914464
1.01930919726724,1.00460378277885,0.999494855561525,1.03358783320339,0.988548347675279,1.01553320121998,0.919409569300229,0.999837770298202,1.00690136633628,0.974703304606068,1.05161154512958,1.01212346650695,0.975208241206649,0.962166974690581,1.02619327164226,0.990161419405432,1.03671621992166,1.0181099143215,1.05474223836086,1.01587150152052,1.02408706649558,1.08990304081059,0.980569328331507,0.980827114572247,1.00246411184042,0.976136172002399,1.00371554000796,1.0504508770768,1.0456942462411,1.07426276407899,1.02535510432053,0.993276511580323,0.996988936280598,0.95097063902338,0.957445363638333,0.994562189210387,0.965312151175155,0.993903856384474,1.0346827557053,0.987853271752092,0.972481422933046,1.00279616030904,1.45286852866411,0.835955070331693,0.834968781843781,0.674272972717881,1.14952275529504,0.795088224858046,1.1398606877774,0.203373154625297,0.941931041702628,0.559702998399735,0.582548041269183,1.79857929833233,1.20002662241459
1.0540686565482,1.03376168250905,1.0292346421682,0.972762899118152,0.959914792199958,1.04613353623408,1.04116355683058,1.04499667408733,1.03961350016123,1.00508494109266,0.982965698809482,0.973543207193128,1.05186939213455,0.951284785669803,0.96286162629546,1.02408295999129,0.989258355134919,0.959280170037416,0.941183359269386,1.02994920193882,0.968893261195312,0.969112013774611,1.06238395947737,1.01885479824309,0.955737497480908,1.06268616065211,1.03065648368067,0.96283726131398,0.934449268729939,1.01807596701674,1.05568317700039,0.978730663903429,0.986771643093649,0.963673061584747,0.979585191818593,0.949056594079802,1.00712090587205,0.891997579676012,1.01283861961431,1.00115201528292,0.996187024618841,0.989251577102617,1.43918943740428,1.37032421529293,1.12285005487502,1.36579971276224,0.974978736042976,1.79657524190843,1.14122245833278,0.497129813954234,1.59951897934079,1.69184369854629,0.741169250756502,0.409353910759091,0.398284488916397
0.986083379279511,1.05069537456505,1.05795335989917,1.00676973648769,1.00105612403152,0.954994939904135,0.919352734849717,1.02534608000805,1.01840506722528,1.03299327133371,1.05648848328365,0.954204726948763,0.997695804524813,1.0349606003282,0.962121914646347,0.961091050868335,1.01978133348104,0.997422951499241,1.02234823768801,1.0195447369874,1.01067996624535,0.975264456200579,1.01067709006072,1.05604657466712,1.0006537097775,0.986412746809763,1.02415729250591,0.998811807437173,1.05820180924393,1.0491443477582,0.94741489284317,0.982682042948151,0.994937030160307,0.968557033691051,1.0051444226733,0.991436461176451,1.01101072719483,0.986154988807628,1.03660473176625,1.03662754573951,0.926070918439701,1.01875209958814,0.591746405512094,1.68704290091991,1.51734711304307,0.890587512776256,1.14233816675842,0.580998763814569,0.900729870796204,1.28672262020409,1.37240538783371,1.34201930686831,0.22822305560112,0.512699965387583,0.256757286563516
1.04595986300412,1.0134791445215,0.973598572717202,0.97803240370501,0.997662883017149,0.958811482635185,1.05398489336212,1.02326124177194,0.939267279675127,1.0179408461918,0.9812312684195,0.981886829272433,1.01361439130086,1.01239121505503,0.950288161100921,1.06741230570477,0.974475057812941,0.988656179053845,0.935550518512738,0.959643270603155,0.973366483628338,1.01399399829191,0.967484039341186,1.02627749011432,1.04006534749544,0.996984219749303,1.01916994704789,1.03702161010502,0.972612574668002,0.969587203236966,0.951389490352494,1.00538541032547,0.992339437722545,1.06028160105876,0.989202796238721,0.987168624475284,0.99194113218345,1.07419334451615,1.05091801602342,1.0098312140928,1.01373696739448,0.980930309619989,1.7934612955898,0.837915395572782,1.31081795468926,0.932918603345752,1.39931234717369,0.385189182683826,0.880532411113381,1.42819857932627,0.635618822649121,1.62182058878243,0.968395394086838,1.41113770268857,1.46364971995354
0.998001122053412,0.980507808725127,1.06634505188269,1.01753939696318,0.990920454548719,0.979682568453876,1.05465883318892,1.00674736348071,1.02206294846374,1.02748523967467,0.98258859701436,0.944480824409631,1.05948038199069,0.977992958327727,1.04010157003293,1.02809435991867,1.0030667168155,0.910190213110899,1.0223861682425,1.06928141414105,0.99298281322435,1.00237632262922,1.03799502768761,1.03566195470425,1.00576855311351,1.03289817096286,1.02931915346171,1.00550873894641,0.999953257039053,1.02477403706384,0.996036025886634,1.00859201294031,1.01299181381615,0.976900666962643,1.01585500910724,1.0010878597558,1.03791894895485,1.02777975824211,0.954444192391551,1.00113156740526,1.04122468511971,1.03391409683426,1.03957318402827,1.39244514554739,0.306420881673694,1.33871704526246,0.50428945235908,1.60607197061181,0.835964162647724,1.34823079034686,0.622371771559119,1.26839831918478,0.567646867781878,0.553410517051816,0.882626572996378
0.979760352303482,1.03493534340768,0.908838071436702,0.97878853846324,1.04461254091628,0.99768481678382,1.00420134309995,0.991526956605363,0.986018505564422,0.954602686731717,1.04511863161979,0.977989500364858,0.976846212937031,0.960575492866367,0.934205794651262,0.989391352153562,1.02833675776738,0.963625512866737,0.998246746555456,1.00289418776344,0.96063661451153,1.11054953651876,0.948768081747861,1.0182104769958,1.0339607336619,0.987532187875214,0.984232036892377,1.00897126459991,0.983641574534752,0.998429586459308,0.986082038950494,1.03300722611269,1.0219008881582,0.924236793874913,0.993033603307792,0.999886327699119,0.992021641669171,0.994848976865803,1.04214862689574,0.983376481782673,0.957172730423521,1.01465658201362,0.609001286700368,1.49090778715909,0.366217921301723,1.49250497221947,1.4626575447619,1.5707596886903,0.944414390996098,1.14401896297932,1.13072755523026,0.52600268162787,1.02826859466732,0.983771873265505,1.48014339022338
1.03334678757934,1.03597298373187,1.0053785819382,0.953208019786493,1.01512920776925,1.00298897573447,0.959036429460577,0.970342353553311,0.960452961920067,1.0068069466207,1.00733366642954,0.972034856166152,1.01214608355244,0.974535444898004,0.950004588313795,0.975406980589113,1.10432153817758,0.945501453058333,0.936751761605076,1.00561567318509,1.00327863945484,1.02413993746445,1.03725753660261,0.951655574243944,1.01585182922688,1.05184680667095,1.0126678669987,1.00067466395579,0.943687656413924,0.969467126615592,1.03058499199294,1.01852136738621,0.935350432662786,1.00819418563216,1.03286900673621,1.01937699141221,0.96175730855404,1.02521501002473,0.967226369857488,0.949286709364588,0.923237316117069,0.985893469563923,1.27293061576784,1.7752659805119,1.37428755685687,0.719126673787832,1.53573581725359,1.2371163379401,0.825677832588553,0.400065810605884,0.31750336624682,0.877768413349986,1.7462979644537,1.07504548095167,0.955948517471552
0.995667139290796,0.936531226327938,1.04086818427292,0.972554377596291,0.990599857145192,1.00492084101466,0.962833721899317,1.0261210646761,0.978629843574066,0.98654148865627,1.04709258633063,0.950164128191383,0.978780651101121,0.949597847177732,0.97575174044754,0.989953016070691,1.02315989931364,0.951968145812821,0.995611356564014,0.996436684560768,1.02381651770186,0.982121882560856,0.963284297044662,0.975052541547015,0.97103882661299,0.9866081969806,0.98303180807695,0.98218010825114,1.01734468306124,1.00329101377638,0.999907358829254,1.03526014457556,1.02001801987356,0.964981039525762,0.940314294206841,1.05233945987297,0.988073181047815,0.962784491226695,1.02074097636213,1.01078639803063,0.982168910535198,1.01637658127763,1.58140760101378,1.09324521422386,0.494009564444423,0.760005721077323,0.600121485441923,0.337263158708811,0.294972394406796,1.10337587036192,1.30305109992623,0.758361383527517,0.515897712484002,1.27792804166675,0.395222137495875
0.977954986493789,0.986854079901849,0.992960248064071,0.970990572049619,0.997100791370232,0.949541763093801,0.966520049221564,0.951205675501769,1.0384260097231,0.997657577027936,1.03717545130025,0.975072456041501,1.00413727952922,1.01603367492696,1.03190787044244,1.00959355284427,1.00466479067143,0.91565237871247,0.989903421106551,0.955686896632178,1.03765620506194,0.997159582412813,1.04866420580961,1.00352793324549,1.03268766177093,1.03632285544084,1.02904906319553,0.943884033530431,0.953523767868139,1.04900273090502,1.06033428218776,1.02647110100688,0.958522473589337,1.03197915200573,1.04928853280677,0.965631824691598,1.0025251457865,1.0023068849815,1.03909952486074,1.0087072157723,1.02657587429539,1.00653334585198,0.812402453646064,0.913686095178127,0.854581193253398,1.71612847782671,0.47286745980382,1.76014002524316,1.00077539905906,0.324024743959308,0.219159711897373,1.70472651980817,1.11111710257828,0.231419816985726,0.685652125626802
0.950960123778455,0.99814000210353,0.950377458149014,0.992964304729756,1.02162894337636,1.06143402289542,0.972171609868534,0.979906870082798,1.05530209032327,0.95314208949206,1.01964325439018,0.96745389427473,0.983384650046437,0.99179436583219,1.00534829952986,1.04522139475245,1.00387129351395,1.04324311270144,0.953521250900707,0.996567142063901,0.99881168600143,0.996787752254453,1.03920488628012,1.01038930977639,1.00422542500526,0.974939104747799,1.05730873120941,1.05508429906211,1.02763915948198,1.03552790447389,1.02416442255239,0.987191825446996,1.02180622527802,0.987639815142062,1.10139441607757,1.01720587417094,1.02119564790922,1.00397433029034,0.9950771344354,0.959300269305192,1.02187709745455,1.03802548453314,1.68380276039243,0.211652749404311,1.39483928307891,1.56405329480767,1.59613082148135,1.58640445843339,1.36635205708444,1.53161740414798,0.400803472474217,0.724387868121266,0.444823572412133,0.275448586419225,0.887491890415549
0.984445217754472,0.992112870739138,1.00162425035181,1.0431961097575,1.00102170092654,1.01409752013921,1.01617909238098,0.993464443090462,0.986485280884403,1.02540862466348,1.01241982765234,0.9665772533458,0.994976473083213,1.03634158904914,1.04912203929963,1.01292021206394,1.03769320359641,1.02136851889231,0.996341028120614,1.0200762142093,0.932893741151069,1.03601598752209,0.974696447847194,0.963656855532869,1.00489128741787,0.942482976899921,0.960367836589277,0.93826595610726,1.05272020756362,0.987040894348877,0.959744959667152,1.00301282608303,1.00824838055331,1.00559020666321,0.949266832510724,0.978222799703015,1.0087248407113,0.998542627490162,1.01048219275205,1.07138987504517,1.01187184621676,0.960708079210701,1.26323393732309,1.72941840626299,1.26444407962263,0.943056221678853,1.19420950524509,1.63067819140852,0.625891594216228,1.1857644200325,0.515058078244329,1.08102954514325,1.59552802406251,0.635651347786188,1.02891360446811
0.989421653453375,1.04569652609243,0.940499652244039,1.01108325190997,1.03429758316785,1.00829041042621,1.02025139734827,0.993250353075009,1.03228271468652,0.996079159828536,0.98747758994763,0.957767453554861,0.984739382361849,1.04200399652973,1.00576787724204,0.996431679719037,0.949327810008803,1.01140839905225,1.01043254385927,0.998116721633929,0.993821983971576,0.948912200044257,1.08146524955014,0.968077068944531,1.02178291350504,0.984719214735855,0.968708009318362,0.988367880031634,0.942956239279455,0.998569538299922,0.982393337056881,0.950940978238209,0.987384761237928,1.02456387072312,0.959769177861242,0.993737238184129,1.03022983542251,1.00411690113265,1.09536497199398,1.00829980365314,0.992254461810653,0.999817728112309,0.209849791973829,1.72005740702152,1.35174752511084,0.748819460347295,0.376283193379641,0.463491087779403,0.367486031726003,1.06337484456599,1.03901469036937,0.396128972247243,0.292462565749884,1.2228948995471,1.6007350243628
1.01110283566196,0.976638633219375,0.961584942207735,0.973225673304316,0.978763281066078,0.914581690886753,0.989830328702016,0.966239895366302,0.971339385766426,1.03113497124744,0.969195246187934,1.0428046420846,1.02291548606875,0.941629166655111,0.954404961900845,0.975567632833319,0.946819861731027,1.00838531779541,0.988975779534937,1.00856150480317,1.01679222760646,0.993717596077809,1.07036269224231,1.01718557291414,0.989478974376583,1.00444227052389,1.04485548550975,1.05736711705835,0.995192838102637,1.00019941287785,1.02464322743104,1.1135479653062,0.980901146035975,1.00833282498514,0.981881493503977,1.02645414565249,1.06370474024929,0.998843492479303,1.01440643155858,0.961188334886581,0.948448838814188,1.0303712155696,0.385738365352154,0.735335093736649,1.07265655212104,1.59961970299482,1.70164315886796,1.12338006645441,1.34525976888835,1.21604781448841,1.40171924717724,0.666583406180143,1.66315389722586,1.28135188296437,1.27952612899244
